date,transfer_count,usdc_volume,BTC_Close,ETH_Close
2023-10-01,42852,2698518446.321946,27983.75,1733.8104248046875
2023-10-02,61516,7903753391.062651,27530.78515625,1663.6275634765625
2023-10-03,50597,6157389039.677013,27429.978515625,1656.6856689453125
2023-10-04,56845,5877145745.005121,27799.39453125,1647.838134765625
2023-10-05,54382,5200414949.823265,27415.912109375,1611.4764404296875
2023-10-06,54835,6667433865.167856,27946.59765625,1645.83154296875
2023-10-07,38209,2244547524.5276327,27968.83984375,1634.51123046875
2023-10-08,37698,2474283769.7174244,27935.08984375,1633.548583984375
2023-10-09,53344,5347433893.701043,27583.677734375,1579.806640625
2023-10-10,50557,5912217303.812839,27391.01953125,1567.7130126953125
2023-10-11,55414,5506016908.086867,26873.3203125,1566.2547607421875
2023-10-12,57189,5132779073.342622,26756.798828125,1539.6124267578125
2023-10-13,53985,4214314739.363898,26862.375,1552.0894775390625
2023-10-14,43734,1699599483.5886288,26861.70703125,1555.2568359375
2023-10-15,40947,1766263101.8744562,27159.65234375,1558.06982421875
2023-10-16,64532,7534080254.383579,28519.466796875,1600.5343017578125
2023-10-17,56625,5867394404.565034,28415.748046875,1565.4395751953125
2023-10-18,56083,6534871433.620918,28328.341796875,1563.7498779296875
2023-10-19,55992,5555537032.2185335,28719.806640625,1567.45703125
2023-10-20,59842,6059643397.323303,29682.94921875,1604.6668701171875
2023-10-21,50386,2688625227.5558186,29918.412109375,1629.304443359375
2023-10-22,50691,2914692478.996457,29993.896484375,1663.429931640625
2023-10-23,73678,8088223277.678145,33086.234375,1765.3826904296875
2023-10-24,83903,8460229309.520018,33901.52734375,1784.4375
2023-10-25,73508,6333834810.515187,34502.8203125,1787.3975830078125
2023-10-26,67947,6194410663.731664,34156.6484375,1804.039306640625
2023-10-27,60675,5226430460.857733,33909.80078125,1780.0452880859375
2023-10-28,46425,2031959068.6394176,34089.57421875,1776.6181640625
2023-10-29,44367,1736262372.4463315,34538.48046875,1795.5460205078125
2023-10-30,60131,5315958099.06811,34502.36328125,1810.088623046875
2023-10-31,65200,8450293838.225283,34667.78125,1816.458984375
2023-11-01,67653,5701681891.582121,35437.25390625,1847.0897216796875
2023-11-02,69886,7806478993.806144,34938.2421875,1800.6209716796875
2023-11-03,63058,5309669144.209919,34732.32421875,1832.795166015625
2023-11-04,48526,3443827642.2614446,35082.1953125,1857.6986083984375
2023-11-05,52626,2484491211.5716805,35049.35546875,1894.15771484375
2023-11-06,57850,6159104611.689805,35037.37109375,1899.83740234375
2023-11-07,61328,5296761940.593556,35443.5625,1888.124267578125
2023-11-08,55803,5160677562.958139,35655.27734375,1889.3223876953125
2023-11-09,76895,9022290912.865755,36693.125,2120.56103515625
2023-11-10,68561,7225082289.21493,37313.96875,2078.289794921875
2023-11-11,56623,3447235269.3987885,37138.05078125,2052.7138671875
2023-11-12,50657,2045984252.524869,37054.51953125,2045.18701171875
2023-11-13,58255,7155526997.699211,36502.35546875,2055.265380859375
2023-11-14,62303,6972562706.021664,35537.640625,1979.0526123046875
2023-11-15,64509,6449225870.3933525,37880.58203125,2060.408447265625
2023-11-16,66055,6797851913.971006,36154.76953125,1960.881591796875
2023-11-17,62213,6797855463.326423,36596.68359375,1961.28076171875
2023-11-18,50870,3000207849.6813912,36585.703125,1963.2850341796875
2023-11-19,50089,2116792421.943247,37386.546875,2013.2044677734375
2023-11-20,61747,4511809930.459823,37476.95703125,2022.2391357421875
2023-11-21,70960,6369779527.723647,35813.8125,1937.0667724609375
2023-11-22,63549,6715278554.575092,37432.33984375,2064.42529296875
2023-11-23,51945,3903824556.0963464,37289.62109375,2062.210693359375
2023-11-24,56685,5713432697.58404,37720.28125,2081.152099609375
2023-11-25,46510,1264795454.3648703,37796.79296875,2084.4130859375
2023-11-26,46035,1790751557.9196858,37479.12109375,2063.2861328125
2023-11-27,57109,5073618945.463725,37254.16796875,2027.4173583984375
2023-11-28,56574,4492599871.444965,37831.0859375,2049.338134765625
2023-11-29,60317,5295405098.248083,37858.4921875,2029.92919921875
2023-11-30,57222,5203150065.06244,37712.74609375,2052.55615234375
2023-12-01,62360,4897918231.514844,38688.75,2087.139892578125
2023-12-02,53526,2205185059.5496674,39476.33203125,2165.7041015625
2023-12-03,51925,1845675394.6300375,39978.390625,2193.691650390625
2023-12-04,73400,5817710120.95122,41980.09765625,2243.2158203125
2023-12-05,69186,6185509416.054008,44080.6484375,2293.841796875
2023-12-06,66068,4680854164.99937,43746.4453125,2231.661376953125
2023-12-07,69794,5472717384.042246,43292.6640625,2357.57958984375
2023-12-08,75097,5244934235.180739,44166.6015625,2358.73193359375
2023-12-09,64875,2544546541.445618,43725.984375,2341.17529296875
2023-12-10,57839,1880145763.8274248,43779.69921875,2352.462646484375
2023-12-11,79046,7632425284.164583,41243.83203125,2224.578857421875
2023-12-12,64300,6510681234.127123,41450.22265625,2202.0380859375
2023-12-13,61224,7269133346.206432,42890.7421875,2260.648681640625
2023-12-14,65585,6028974312.929705,43023.97265625,2316.5791015625
2023-12-15,69410,6041868101.550577,41929.7578125,2219.33740234375
2023-12-16,51855,3076331458.355212,42240.1171875,2226.926513671875
2023-12-17,50382,2895246719.169137,41364.6640625,2196.481201171875
2023-12-18,80660,6525884950.490892,42623.5390625,2217.2734375
2023-12-19,61925,5891476092.02055,42270.52734375,2177.87255859375
2023-12-20,62674,6303657309.634827,43652.25,2201.911376953125
2023-12-21,74711,6191119232.396373,43869.15234375,2239.54248046875
2023-12-22,81858,6359571791.092337,43997.90234375,2326.52490234375
2023-12-23,65813,2346686257.238424,43739.54296875,2309.04638671875
2023-12-24,67800,2529145832.8171296,43016.1171875,2265.692138671875
2023-12-25,65031,2509552415.694791,43613.140625,2272.561767578125
2023-12-26,75048,5968136959.04531,42520.40234375,2231.46533203125
2023-12-27,72201,6688265947.793364,43442.85546875,2378.739990234375
2023-12-28,78278,7903855745.209127,42627.85546875,2347.566162109375
2023-12-29,75886,7427960140.152803,42099.40234375,2300.690673828125
2023-12-30,61572,3682987918.6719785,42156.90234375,2292.0654296875
2023-12-31,64169,3516387898.6982327,42265.1875,2281.47119140625
2024-01-01,66572,4041890872.382679,44167.33203125,2352.327880859375
2024-01-02,84377,8073989237.467541,44957.96875,2355.83642578125
2024-01-03,81958,8408940584.41234,42848.17578125,2210.761962890625
2024-01-04,78220,7835511875.636898,44179.921875,2269.0380859375
2024-01-05,74795,6622779543.891227,44162.69140625,2268.647216796875
2024-01-06,56289,2177256392.1096873,43989.1953125,2241.624755859375
2024-01-07,45725,1793818182.4194305,43943.09765625,2222.865966796875
2024-01-08,80229,7953872222.586308,46970.50390625,2333.03271484375
2024-01-09,80427,7808584756.206765,46139.73046875,2344.8271484375
2024-01-10,76686,8705528353.06801,46627.77734375,2582.103515625
2024-01-11,83648,11360079313.728195,46368.5859375,2619.619140625
2024-01-12,82679,10692263860.033163,42853.16796875,2524.460205078125
2024-01-13,60340,3108656009.3448734,42842.3828125,2576.597900390625
2024-01-14,51178,2409106827.9576244,41796.26953125,2472.2412109375
2024-01-15,64381,4711465194.063939,42511.96875,2511.36376953125
2024-01-16,59125,7549757768.9388,43154.9453125,2587.691162109375
2024-01-17,58823,8906844108.366522,42742.65234375,2528.369384765625
2024-01-18,67781,8342848017.381803,41262.05859375,2467.018798828125
2024-01-19,78615,9892465386.169971,41618.40625,2489.49853515625
2024-01-20,57743,4366697951.365688,41665.5859375,2469.589111328125
2024-01-21,57353,1707337696.435236,41545.78515625,2453.9130859375
2024-01-22,85695,7998928566.222512,39507.3671875,2310.826416015625
2024-01-23,90520,8089500097.516563,39845.55078125,2240.68603515625
2024-01-24,73426,6531653703.635551,40077.07421875,2233.561767578125
2024-01-25,68659,5997920119.968374,39933.80859375,2217.710205078125
2024-01-26,68404,5914961862.062641,41816.87109375,2267.19970703125
2024-01-27,55554,2083914447.3716795,42120.0546875,2267.885986328125
2024-01-28,55793,1903573202.009928,42035.59375,2257.208740234375
2024-01-29,68661,6921511588.0087385,43288.24609375,2317.064208984375
2024-01-30,69292,8269276176.380429,42952.609375,2344.49365234375
2024-01-31,78633,7318466430.963826,42582.60546875,2282.54443359375
2024-02-01,72062,6197852415.539221,43075.7734375,2303.82470703125
2024-02-02,73716,5333389110.570142,43185.859375,2308.0380859375
2024-02-03,50727,1514092776.759087,42992.25,2296.038330078125
2024-02-04,52734,1210647428.104885,42583.58203125,2289.546142578125
2024-02-05,69339,6028177174.120583,42658.66796875,2298.888916015625
2024-02-06,59523,6780423115.872216,43084.671875,2372.201904296875
2024-02-07,59414,7440198247.774488,44318.22265625,2423.7451171875
2024-02-08,55153,8379470561.155462,45301.56640625,2419.906494140625
2024-02-09,52622,7381016560.773154,47147.19921875,2487.515625
2024-02-10,48724,2897691145.316189,47771.27734375,2501.228271484375
2024-02-11,50571,2464117832.068099,48293.91796875,2507.570556640625
2024-02-12,55797,7199023610.691617,49958.22265625,2658.115966796875
2024-02-13,65551,7759182475.882509,49742.44140625,2642.185302734375
2024-02-14,71427,6863096359.020973,51826.6953125,2777.90234375
2024-02-15,70157,5964499678.84515,51938.5546875,2824.37890625
2024-02-16,69943,5768967806.060084,52160.203125,2803.69140625
2024-02-17,57378,2285200186.8069577,51662.99609375,2786.672607421875
2024-02-18,56810,1874932199.898142,52122.546875,2878.998046875
2024-02-19,71383,4384887122.358954,51779.14453125,2943.57470703125
2024-02-20,74130,7035961639.049988,52284.875,3013.503662109375
2024-02-21,64388,6370394748.197842,51839.1796875,2970.35546875
2024-02-22,60122,7600139824.110447,51304.97265625,2971.00732421875
2024-02-23,62479,7335073752.994835,50731.94921875,2921.658203125
2024-02-24,51447,2093700633.4604683,51571.1015625,2992.385986328125
2024-02-25,55849,2202637564.664052,51733.23828125,3112.697265625
2024-02-26,70046,7530505764.01603,54522.40234375,3178.99365234375
2024-02-27,74791,8864914203.51209,57085.37109375,3244.519287109375
2024-02-28,81111,10991171079.282036,62504.7890625,3385.703857421875
2024-02-29,79767,12802282731.966862,61198.3828125,3341.919677734375
2024-03-01,77718,7536800870.420272,62440.6328125,3435.053955078125
2024-03-02,62345,3863291021.4832854,62029.84765625,3422.0498046875
2024-03-03,65130,2866670972.555504,63167.37109375,3490.99365234375
2024-03-04,77779,11296106776.079435,68330.4140625,3630.433837890625
2024-03-05,88772,15199978998.672052,63801.19921875,3554.964599609375
2024-03-06,78885,11595271473.518364,66106.8046875,3819.226318359375
2024-03-07,73262,10671014734.613045,66925.484375,3874.34765625
2024-03-08,71214,12770708252.547651,68300.09375,3892.06103515625
2024-03-09,60926,3524200323.84782,68498.8828125,3915.4189453125
2024-03-10,62279,4750349542.975884,69019.7890625,3881.193115234375
2024-03-11,76301,13067550608.050207,72123.90625,4066.445068359375
2024-03-12,75618,11943652696.219875,71481.2890625,3980.273193359375
2024-03-13,74685,12055327014.53413,73083.5,4006.45703125
2024-03-14,82542,11694285352.966764,71396.59375,3883.140380859375
2024-03-15,94111,14802096271.818151,69403.7734375,3735.22021484375
2024-03-16,75579,5642394556.708584,65315.1171875,3522.860107421875
2024-03-17,72780,4502561436.47784,68390.625,3642.4130859375
2024-03-18,79124,9980561908.3452,67548.59375,3517.985107421875
2024-03-19,95161,16612614781.420156,61912.7734375,3157.6181640625
2024-03-20,89422,15141322778.17804,67913.671875,3513.39306640625
2024-03-21,75153,11436853845.497065,65491.390625,3492.9912109375
2024-03-22,74882,11744620260.19288,63778.76171875,3333.68798828125
2024-03-23,60815,2736544318.5548797,64062.203125,3336.593994140625
2024-03-24,61007,3161809662.0410633,67234.171875,3454.636474609375
2024-03-25,81763,9971028876.44004,69958.8125,3590.8837890625
2024-03-26,79821,10675531628.907728,69987.8359375,3587.5048828125
2024-03-27,77737,11888347304.390842,69455.34375,3500.115234375
2024-03-28,76237,9958549349.376188,70744.953125,3561.2939453125
2024-03-29,75399,11398045346.805548,69892.828125,3511.80615234375
2024-03-30,63903,2809014924.4340124,69645.3046875,3507.9443359375
2024-03-31,63225,3140298388.917152,71333.6484375,3647.8564453125
2024-04-01,79465,12994739570.626492,69702.1484375,3505.030029296875
2024-04-02,96586,15303270164.817192,65446.97265625,3277.234619140625
2024-04-03,79622,11254145954.506994,65980.8125,3311.44189453125
2024-04-04,83246,13174043441.586712,68508.84375,3330.04052734375
2024-04-05,80963,12734386529.965113,67837.640625,3318.88525390625
2024-04-06,62271,2751122600.7659492,68896.109375,3354.183837890625
2024-04-07,60487,3629101415.4796257,69362.5546875,3453.49462890625
2024-04-08,77799,12084630349.97208,71631.359375,3695.292724609375
2024-04-09,78914,10997707554.6956,69139.015625,3505.163330078125
2024-04-10,83364,8876276803.916426,70587.8828125,3543.737060546875
2024-04-11,79332,8519083306.463215,70060.609375,3505.247802734375
2024-04-12,91708,14634739354.714664,67195.8671875,3243.034912109375
2024-04-13,95391,9731449309.627363,63821.47265625,3004.900390625
2024-04-14,95872,7490805340.702596,65738.7265625,3156.94189453125
2024-04-15,94466,11543157735.911585,63426.2109375,3101.600341796875
2024-04-16,93775,11156200083.74416,63811.86328125,3084.920166015625
2024-04-17,80189,10966264159.398111,61276.69140625,2984.7275390625
2024-04-18,84633,10960965437.131302,63512.75390625,3066.027587890625
2024-04-19,92855,15354042162.831083,63843.5703125,3059.278564453125
2024-04-20,67594,3881024386.522625,64994.44140625,3157.627197265625
2024-04-21,66201,4208411774.302509,64926.64453125,3147.28857421875
2024-04-22,78600,12472534760.986263,66837.6796875,3201.652099609375
2024-04-23,75520,8554599358.738295,66407.2734375,3219.91162109375
2024-04-24,78470,12305311317.31243,64276.8984375,3139.80517578125
2024-04-25,77331,11681855258.297762,64481.70703125,3156.509521484375
2024-04-26,78046,6935115664.801189,63755.3203125,3130.164794921875
2024-04-27,69283,3201020085.0653296,63419.140625,3252.168212890625
2024-04-28,60255,3329875210.279316,63113.23046875,3262.774658203125
2024-04-29,76360,7983946172.121124,63841.12109375,3215.428955078125
2024-04-30,91280,12506202127.547106,60636.85546875,3012.286865234375
2024-05-01,97380,10460644173.703796,58254.01171875,2969.78466796875
2024-05-02,83527,11168384829.591232,59123.43359375,2988.16845703125
2024-05-03,85766,9008964248.225851,62889.8359375,3103.5419921875
2024-05-04,67889,4634129537.504106,63891.47265625,3117.576416015625
2024-05-05,63478,2518481015.984412,64031.1328125,3137.2490234375
2024-05-06,98974,9321574762.213371,63161.94921875,3062.728759765625
2024-05-07,95873,7253265600.950511,62334.81640625,3006.5771484375
2024-05-08,84089,8124532847.409366,61187.94140625,2973.6572265625
2024-05-09,87222,8191618566.5256,63049.9609375,3036.0205078125
2024-05-10,86409,6827643385.496816,60792.77734375,2909.791259765625
2024-05-11,59557,2718151472.288806,60793.7109375,2911.60205078125
2024-05-12,63580,2028313916.0039823,61448.39453125,2928.701904296875
2024-05-13,89139,6728473056.90354,62901.44921875,2949.359619140625
2024-05-14,83272,7914050406.675328,61552.7890625,2881.157958984375
2024-05-15,93510,9234288483.902737,66267.4921875,3037.056640625
2024-05-16,109549,7729393756.834453,65231.58203125,2945.131103515625
2024-05-17,100426,10098084895.993568,67051.875,3094.11865234375
2024-05-18,77913,3817155481.523655,66940.8046875,3122.948974609375
2024-05-19,70806,2829486838.9326034,66278.3671875,3071.843017578125
2024-05-20,99459,11806469247.98651,71448.1953125,3663.85546875
2024-05-21,115498,18774703770.50833,70136.53125,3789.312744140625
2024-05-22,96437,10575948050.646835,69122.3359375,3737.2177734375
2024-05-23,98503,12613167636.354984,67929.5625,3776.92724609375
2024-05-24,88583,10042250346.406092,68526.1015625,3726.9345703125
2024-05-25,75794,2748266601.1443357,69265.9453125,3749.236572265625
2024-05-26,72828,4525346440.330313,68518.09375,3825.8974609375
2024-05-27,75535,6269449141.465435,69394.5546875,3892.0068359375
2024-05-28,78081,8942664056.116375,68296.21875,3840.25634765625
2024-05-29,81499,10790047511.8674,67578.09375,3763.196533203125
2024-05-30,80495,9210119896.0827,68364.9921875,3746.849609375
2024-05-31,79638,7905795524.891675,67491.4140625,3760.026611328125
2024-06-01,65101,2195521054.177478,67706.9375,3813.198974609375
2024-06-02,61634,2104655186.0696695,67751.6015625,3780.89599609375
2024-06-03,74865,9346629215.206888,68804.78125,3766.38916015625
2024-06-04,76894,8021500970.58162,70567.765625,3812.515869140625
2024-06-05,75023,9585363597.926062,71082.8203125,3864.260986328125
2024-06-06,67611,8137965956.741798,70757.1640625,3811.60595703125
2024-06-07,77171,8604034492.249002,69342.5859375,3678.629150390625
2024-06-08,65298,3973909119.3269906,69305.7734375,3680.949951171875
2024-06-09,60507,2696527198.653063,69647.9921875,3705.90380859375
2024-06-10,76838,7751803178.558104,69512.28125,3666.717529296875
2024-06-11,84604,9764261981.20025,67332.03125,3498.33056640625
2024-06-12,76795,8718017085.84381,68241.1875,3559.61767578125
2024-06-13,79833,9572358784.013124,66756.3984375,3469.28125
2024-06-14,80781,10601913144.535145,66011.09375,3480.27197265625
2024-06-15,62818,2907518430.653757,66191.0,3565.549560546875
2024-06-16,60492,2544723813.679179,66639.046875,3620.5634765625
2024-06-17,85243,9533232899.729765,66490.296875,3511.37890625
2024-06-18,103981,9284145083.541882,65140.74609375,3483.681396484375
2024-06-19,75698,4644599773.235546,64960.296875,3559.347412109375
2024-06-20,76483,7644244937.308356,64828.65625,3511.0869140625
2024-06-21,81720,7852484328.895714,64096.19921875,3516.07568359375
2024-06-22,66408,2294226256.80923,64252.578125,3494.8134765625
2024-06-23,72805,2909495593.917107,63180.796875,3418.61181640625
2024-06-24,105018,11476246482.604872,60277.4140625,3350.25634765625
2024-06-25,97726,11130054219.905573,61804.640625,3395.029052734375
2024-06-26,76938,9243949326.29094,60811.27734375,3369.477294921875
2024-06-27,74857,10078360850.283962,61604.80078125,3444.800537109375
2024-06-28,92626,9907475480.190536,60320.13671875,3373.635986328125
2024-06-29,75794,2789648449.6039743,60887.37890625,3372.9677734375
2024-06-30,74860,4418867986.232279,62678.29296875,3432.88916015625
2024-07-01,85665,10331594772.699951,62851.98046875,3440.341552734375
2024-07-02,81986,8546679494.708827,62029.015625,3416.354736328125
2024-07-03,85237,8798082979.453426,60173.921875,3292.916748046875
2024-07-04,94716,7461151809.456238,56977.703125,3054.52197265625
2024-07-05,115950,13803535720.019188,56662.375,2981.5986328125
2024-07-06,76970,3339952699.2793913,58303.5390625,3069.3779296875
2024-07-07,77553,3282399058.090256,55849.109375,2929.38720703125
2024-07-08,100245,11611217391.948776,56705.09765625,3018.73193359375
2024-07-09,83612,7080074525.833508,58009.2265625,3064.032958984375
2024-07-10,80057,7895027312.11443,57742.49609375,3102.21875
2024-07-11,85153,9596003927.424068,57344.9140625,3100.330810546875
2024-07-12,86883,9390665694.32792,57899.46484375,3134.15869140625
2024-07-13,67246,2703709875.358321,59231.953125,3177.19873046875
2024-07-14,67601,2673068423.005726,60787.79296875,3244.0791015625
2024-07-15,88063,12152918603.347383,64870.15234375,3489.552734375
2024-07-16,85139,9619745481.344725,65097.1484375,3443.513427734375
2024-07-17,76571,7909473260.38483,64118.79296875,3388.75244140625
2024-07-18,72773,6501360002.615303,63974.06640625,3426.258544921875
2024-07-19,80815,11135719542.652592,66710.15625,3505.73486328125
2024-07-20,68856,3863051347.952976,67163.6484375,3519.29541015625
2024-07-21,68324,4185797497.540025,68154.5234375,3536.60546875
2024-07-22,79595,7971919351.836627,67585.25,3440.419921875
2024-07-23,88509,12327423253.186407,65927.671875,3481.995849609375
2024-07-24,82051,8321966693.078163,65372.1328125,3336.33935546875
2024-07-25,98172,8364295048.482408,65777.2265625,3174.42724609375
2024-07-26,87651,8410300005.653361,67912.0625,3275.951416015625
2024-07-27,73208,3839530744.788743,67813.3359375,3247.60791015625
2024-07-28,67603,2859692836.4159617,68255.8671875,3271.464599609375
2024-07-29,92961,12895288563.127993,66819.9140625,3320.539306640625
2024-07-30,80732,7781889124.977912,66201.015625,3278.667724609375
2024-07-31,85679,8568951519.633919,64619.25,3231.295654296875
2024-08-01,93162,9067520730.25677,65357.5,3201.564453125
2024-08-02,100994,9299106999.42392,61415.06640625,2986.01318359375
2024-08-03,104008,5528244935.652129,60680.09375,2903.3857421875
2024-08-04,103587,5609514632.505957,58116.9765625,2686.39892578125
2024-08-05,164535,23933513462.724117,53991.45703125,2417.206298828125
2024-08-06,114655,12823019718.054054,56034.31640625,2458.723876953125
2024-08-07,108934,9931125354.720882,55027.4609375,2336.58935546875
2024-08-08,100557,8564917647.169064,61710.13671875,2683.352783203125
2024-08-09,91598,8811160933.028751,60880.11328125,2599.5986328125
2024-08-10,74182,2655303408.460029,60945.8125,2610.02294921875
2024-08-11,76891,3719924375.462496,58719.484375,2553.252197265625
2024-08-12,92367,10617057129.908243,59354.515625,2724.431884765625
2024-08-13,91200,9520883248.575846,60609.56640625,2703.671875
2024-08-14,85555,9506186008.703936,58737.26953125,2662.914794921875
2024-08-15,84208,8245256010.458639,57560.09765625,2570.087646484375
2024-08-16,92457,9669181372.405228,58894.10546875,2593.1865234375
2024-08-17,65097,3056666852.9781075,59478.97265625,2614.546875
2024-08-18,67474,2707987824.1539135,58483.96484375,2613.357177734375
2024-08-19,84457,8983978331.455416,59493.453125,2637.306396484375
2024-08-20,103814,9950002976.865644,59012.79296875,2573.10693359375
2024-08-21,92629,10526598844.491934,61175.19140625,2631.3955078125
2024-08-22,91145,9041630061.7317,60381.9140625,2622.951416015625
2024-08-23,107603,12232688924.61121,64094.35546875,2764.447021484375
2024-08-24,93581,5344932060.049711,64178.9921875,2769.3896484375
2024-08-25,81746,3735259364.129256,64333.54296875,2749.15771484375
2024-08-26,95786,9762790868.886536,62880.66015625,2681.340576171875
2024-08-27,106665,11233495668.545565,59504.1328125,2458.7265625
2024-08-28,111528,10440589937.89144,59027.625,2528.41552734375
2024-08-29,105340,9970179262.4687,59388.1796875,2528.792724609375
2024-08-30,118104,9129926052.631468,59119.4765625,2525.822021484375
2024-08-31,82826,2222586754.3985963,58969.8984375,2513.393798828125
2024-09-01,95082,4668285633.71413,57325.48828125,2427.90234375
2024-09-02,89104,4801993347.178682,59112.48046875,2538.187255859375
2024-09-03,102016,8817382745.687483,57431.0234375,2420.603759765625
2024-09-04,106011,12534751137.46676,57971.5390625,2448.97705078125
2024-09-05,88218,8381454652.0853405,56160.48828125,2367.737548828125
2024-09-06,112176,10240980792.185196,53948.75390625,2223.87646484375
2024-09-07,100176,3695673459.1080112,54139.6875,2274.107177734375
2024-09-08,102778,2558320157.4079285,54841.56640625,2297.29296875
2024-09-09,101950,9224143019.40726,57019.53515625,2358.482177734375
2024-09-10,92005,8888389066.149872,57648.7109375,2389.5810546875
2024-09-11,101485,8417221832.432436,57343.171875,2339.841552734375
2024-09-12,99215,7208939611.104492,58127.01171875,2361.78173828125
2024-09-13,112658,10475713909.71102,60571.30078125,2441.607177734375
2024-09-14,98950,2761460741.81627,60005.12109375,2418.595703125
2024-09-15,118761,3132507841.90337,59182.8359375,2320.897216796875
2024-09-16,94788,9265964827.882635,58192.5078125,2295.28369140625
2024-09-17,87067,8549236020.10872,60308.5390625,2341.707763671875
2024-09-18,80638,7986866263.811331,61649.6796875,2369.72900390625
2024-09-19,80630,10901212498.69325,62940.45703125,2464.752197265625
2024-09-20,75650,9580591607.477757,63192.9765625,2561.072021484375
2024-09-21,58549,2324599108.156123,63394.83984375,2615.857177734375
2024-09-22,58771,2206844014.1778007,63648.7109375,2582.862548828125
2024-09-23,74294,7742378303.48408,63329.80078125,2648.54638671875
2024-09-24,69910,7318220989.588838,64301.96875,2654.35498046875
2024-09-25,70173,7937250725.681032,63143.14453125,2579.388671875
2024-09-26,76462,8652328212.625435,65181.01953125,2632.199951171875
2024-09-27,85867,9804928163.26685,65790.6640625,2695.900634765625
2024-09-28,78552,2030357299.8490243,65887.6484375,2677.5390625
2024-09-29,70504,2024261699.0847163,65635.3046875,2659.346923828125
2024-09-30,94395,11984293931.36752,63329.5,2603.062744140625
2024-10-01,105687,14450546573.957329,60837.0078125,2448.921142578125
2024-10-02,94359,9481726176.83183,60632.78515625,2365.231689453125
2024-10-03,99077,7960017034.52,60759.40234375,2349.791259765625
2024-10-04,100171,9178229294.945251,62067.4765625,2414.7939453125
2024-10-05,75440,2180239718.4967756,62089.94921875,2415.6318359375
2024-10-06,66376,2079406441.80634,62818.953125,2439.957763671875
2024-10-07,86764,9847248865.7193,62236.66015625,2421.796630859375
2024-10-08,77750,9272358398.429129,62131.96875,2439.8408203125
2024-10-09,78296,8606850034.440802,60582.1015625,2368.283447265625
2024-10-10,89460,8952355161.429718,60274.5,2383.85791015625
2024-10-11,79209,9107341294.478174,62445.08984375,2436.513427734375
2024-10-12,80644,2640091881.012432,63193.0234375,2476.523193359375
2024-10-13,76580,2388499219.7388744,62851.375,2467.677001953125
2024-10-14,87147,9567917886.739454,66046.125,2628.89990234375
2024-10-15,92217,11140945849.297806,67041.109375,2606.02197265625
2024-10-16,85409,11692043802.67631,67612.71875,2611.10205078125
2024-10-17,75199,9190946638.952929,67399.8359375,2604.2734375
2024-10-18,68885,7469064417.210943,68418.7890625,2641.55224609375
2024-10-19,63244,2159370902.2116904,68362.734375,2648.656982421875
2024-10-20,67602,2152013070.175634,69001.703125,2746.364013671875
2024-10-21,86480,10292122068.777905,67367.8515625,2665.712158203125
2024-10-22,84068,8557783685.268646,67361.40625,2620.197509765625
2024-10-23,87888,10933189278.523104,66432.1953125,2509.098876953125
2024-10-24,87693,8983680041.183243,68161.0546875,2534.49853515625
2024-10-25,105127,12490945931.568,66642.4140625,2435.93408203125
2024-10-26,79538,3669281211.920724,67014.6953125,2479.603271484375
2024-10-27,65955,2510575379.7037206,67929.296875,2505.940673828125
2024-10-28,87557,9143779744.727425,69907.7578125,2565.34814453125
2024-10-29,100910,12710259429.74672,72720.4921875,2637.95751953125
2024-10-30,87870,9665705689.49404,72339.5390625,2657.37255859375
2024-10-31,97439,11440334550.798656,70215.1875,2515.79931640625
2024-11-01,103396,12527184816.481236,69482.46875,2511.885498046875
2024-11-02,76970,3305041048.688502,69289.2734375,2491.068603515625
2024-11-03,100858,3418272742.475701,68741.1171875,2456.42529296875
2024-11-04,104452,9365869451.466042,67811.5078125,2397.0263671875
2024-11-05,117193,10945997810.09111,69359.5625,2422.650634765625
2024-11-06,130175,22256054594.827477,75639.078125,2724.169189453125
2024-11-07,108609,17629219211.976784,75904.859375,2895.58544921875
2024-11-08,101438,13813758848.180428,76545.4765625,2962.296630859375
2024-11-09,89412,7390203556.891114,76778.8671875,3131.14453125
2024-11-10,100714,7693073944.417437,80474.1875,3191.331298828125
2024-11-11,111095,15684523896.866592,88701.484375,3374.81298828125
2024-11-12,114243,20577369064.069412,87955.8125,3246.25732421875
2024-11-13,103656,17301632165.65051,90584.1640625,3192.595947265625
2024-11-14,106854,14779005662.414982,87250.4296875,3058.94873046875
2024-11-15,106260,14879136156.67391,91066.0078125,3103.04052734375
2024-11-16,94947,6126975154.83211,90558.4765625,3133.27392578125
2024-11-17,93084,4571900905.629764,89845.8515625,3075.66162109375
2024-11-18,105209,13743856304.666595,90542.640625,3207.8564453125
2024-11-19,101601,14265905508.511972,92343.7890625,3111.384033203125
2024-11-20,113702,15046927716.71005,94339.4921875,3072.18798828125
2024-11-21,119744,17533646497.810505,98504.7265625,3361.053955078125
2024-11-22,115211,17851451412.434975,98997.6640625,3331.600830078125
2024-11-23,100311,7405533850.236855,97777.28125,3396.223388671875
2024-11-24,99171,5073210750.254078,98013.8203125,3363.659912109375
2024-11-25,112964,15263997455.529491,93102.296875,3413.5439453125
2024-11-26,117321,15375522486.291344,91985.3203125,3326.517333984375
2024-11-27,115047,19399449566.79314,95962.53125,3657.249267578125
2024-11-28,108545,8843821469.320309,95652.46875,3579.8115234375
2024-11-29,122045,16661131431.026669,97461.5234375,3593.494384765625
2024-11-30,109840,6192470753.08015,96449.0546875,3705.705322265625
2024-12-01,103758,4688016591.96835,97279.7890625,3711.1650390625
2024-12-02,122758,16131824456.568676,95865.3046875,3644.198486328125
2024-12-03,121077,18259065123.623863,96002.1640625,3620.711669921875
2024-12-04,123042,17897704947.887283,98768.53125,3841.3310546875
2024-12-05,134379,23457158258.019928,96593.5703125,3811.00830078125
2024-12-06,118674,18427472728.201237,99920.7109375,4005.810546875
2024-12-07,98320,6163808234.211613,99923.3359375,4002.692626953125
2024-12-08,98882,5633823163.356027,101236.015625,4005.70458984375
2024-12-09,116307,16749698079.93686,97432.71875,3718.6904296875
2024-12-10,114899,14873891335.991928,96675.4296875,3631.833740234375
2024-12-11,105341,16195332180.524694,101173.03125,3832.822021484375
2024-12-12,106884,14499961704.486292,100043.0,3883.1015625
2024-12-13,104279,13993599687.24521,101459.2578125,3911.205322265625
2024-12-14,101448,5203163643.038622,101372.96875,3868.4052734375
2024-12-15,98542,5972579242.609592,104298.6953125,3951.941162109375
2024-12-16,117675,16297400007.51907,106029.71875,3987.48095703125
2024-12-17,116995,13254410388.199694,106140.6015625,3886.76611328125
2024-12-18,131004,13369831789.747074,100041.5390625,3618.791259765625
2024-12-19,143937,18430040371.99133,97490.953125,3417.927978515625
2024-12-20,148332,24864749677.713333,97755.9296875,3472.553466796875
2024-12-21,118145,7537546680.590391,97224.7265625,3337.222412109375
2024-12-22,106280,5781598081.335421,95104.9375,3277.53515625
2024-12-23,125158,16745142769.960148,94686.2421875,3415.785400390625
2024-12-24,111199,13263094077.617208,98676.09375,3492.0498046875
2024-12-25,94811,6379095503.178453,99299.1953125,3493.2353515625
2024-12-26,105570,11003290803.549389,95795.515625,3331.225830078125
2024-12-27,119067,12440515945.693214,94164.859375,3328.9169921875
2024-12-28,106769,4068598660.1380625,95163.9296875,3397.90234375
2024-12-29,114338,5491003327.941838,93530.2265625,3349.513427734375
2024-12-30,138876,17969600559.27388,92643.2109375,3356.392578125
2024-12-31,130288,14083170915.264135,93429.203125,3332.53173828125
2025-01-01,91467,9408639721.819494,94419.7578125,3353.504150390625
2025-01-02,108359,12659896782.01893,96886.875,3451.392578125
2025-01-03,121843,16048622536.818556,98107.4296875,3605.009765625
2025-01-04,105094,6610052574.302134,98236.2265625,3657.706787109375
2025-01-05,101878,4902354699.997966,98314.9609375,3634.103759765625
2025-01-06,115049,15771122362.674118,102078.0859375,3688.611328125
2025-01-07,130816,17483087302.68771,96922.703125,3381.577392578125
2025-01-08,141908,16950773920.738789,95043.5234375,3326.329345703125
2025-01-09,142956,13612048358.806538,92484.0390625,3219.4306640625
2025-01-10,145742,20927422243.320507,94701.453125,3267.489990234375
2025-01-11,111636,7363512251.0617485,94566.59375,3282.2177734375
2025-01-12,113297,7602575089.21496,94488.4375,3265.951171875
2025-01-13,155329,17272426668.894867,94516.5234375,3135.499755859375
2025-01-14,131311,14224678870.125002,96534.046875,3223.6845703125
2025-01-15,136213,15775601107.075756,100504.4921875,3450.53759765625
2025-01-16,133808,15408697819.350744,99756.90625,3308.34521484375
2025-01-17,133974,19091658332.35771,104462.0390625,3474.107177734375
2025-01-18,161960,13150839805.825424,104408.0703125,3305.78955078125
2025-01-19,169117,19157246067.032578,101089.609375,3208.96435546875
2025-01-20,177149,27685010081.502647,102016.6640625,3278.035400390625
2025-01-21,151392,31880825396.39683,106146.265625,3327.40625
2025-01-22,144355,18556031213.707733,103653.0703125,3240.224609375
2025-01-23,152592,20940410989.985332,103960.171875,3334.714111328125
2025-01-24,137871,15711293094.209167,104819.484375,3309.554931640625
2025-01-25,116655,6260332631.020568,104714.6484375,3317.26953125
2025-01-26,128427,5997959340.37016,102682.5,3236.13427734375
2025-01-27,167153,19309241034.822823,102087.6875,3178.92041015625
2025-01-28,149454,11669397070.386477,101332.4765625,3077.112548828125
2025-01-29,160379,11675100461.541168,103703.2109375,3112.9990234375
2025-01-30,158231,16626699807.5509,104735.3046875,3247.780029296875
2025-01-31,174918,17344249671.443146,102405.0234375,3298.26513671875
2025-02-01,164207,7539940934.744755,100655.90625,3118.32861328125
2025-02-02,186415,11053755582.467258,97688.9765625,2868.69287109375
2025-02-03,209232,34291887642.930138,101405.421875,2884.566650390625
2025-02-04,233215,23491487434.777554,97871.8203125,2735.05126953125
2025-02-05,186164,16423446074.925716,96615.4453125,2787.779052734375
2025-02-06,190116,16031359017.894314,96593.296875,2688.40087890625
2025-02-07,193815,19038585186.487793,96529.0859375,2622.211181640625
2025-02-08,148226,9447120303.194334,96482.453125,2632.308349609375
2025-02-09,159129,7126214755.312841,96500.09375,2628.72119140625
2025-02-10,200924,17909304791.788944,97437.5546875,2661.166748046875
2025-02-11,229222,17267762151.519608,95747.4296875,2602.781982421875
2025-02-12,186523,22465668843.303764,97885.859375,2736.902099609375
2025-02-13,184126,17832183307.097176,96623.8671875,2675.902587890625
2025-02-14,185073,15765449511.507423,97508.96875,2726.091552734375
2025-02-15,135150,7474757363.831181,97580.3515625,2693.559814453125
2025-02-16,131607,6175573552.365374,96175.03125,2663.31591796875
2025-02-17,153973,11545940835.417824,95773.3828125,2743.19970703125
2025-02-18,193489,20841990704.001495,95539.546875,2669.3388671875
2025-02-19,173894,15228682208.292273,96635.609375,2715.77099609375
2025-02-20,181106,18687603880.729923,98333.9375,2740.386474609375
2025-02-21,196753,26570166118.834,96125.546875,2659.655517578125
2025-02-22,155614,10999771957.665873,96577.7578125,2764.029296875
2025-02-23,139284,8212285351.460718,96273.921875,2821.310302734375
2025-02-24,205276,23630898110.84723,91418.171875,2513.8212890625
2025-02-25,263090,30415956891.85949,88736.171875,2493.592529296875
2025-02-26,207691,26492620911.373413,84347.0234375,2331.45263671875
2025-02-27,206006,20821992361.729317,84704.2265625,2305.484375
2025-02-28,252040,36366684593.47375,84373.0078125,2237.9052734375
2025-03-01,177067,10243801224.15243,86031.9140625,2216.643310546875
2025-03-02,175008,14753898375.76597,94248.3515625,2519.694580078125
2025-03-03,234175,22782697697.54358,86065.671875,2145.573974609375
2025-03-04,249090,22723865359.943382,87222.1953125,2170.01513671875
2025-03-05,203011,18389262297.76939,90623.5625,2241.977294921875
2025-03-06,227904,17190969036.449375,89961.7265625,2202.476806640625
2025-03-07,230260,20749279409.34887,86742.671875,2138.987548828125
2025-03-08,165579,7903874164.95451,86154.59375,2201.51025390625
2025-03-09,180227,11618310258.571478,80601.0390625,2015.5091552734375
2025-03-10,237442,23761987406.535557,78532.0,1861.1513671875
2025-03-11,256320,17714585888.899433,82862.2109375,1919.844970703125
2025-03-12,216092,20208452718.088604,83722.359375,1908.982666015625
2025-03-13,195575,23117458230.884388,81066.703125,1862.9696044921875
2025-03-14,187770,23392226807.142853,83969.1015625,1909.467529296875
2025-03-15,142153,10627564676.585115,84343.109375,1937.3946533203125
2025-03-16,144709,8978628033.697065,82579.6875,1887.43505859375
2025-03-17,184174,19860467865.41143,84075.6875,1927.0029296875
2025-03-18,182059,16459270409.551205,82718.5,1932.54345703125
2025-03-19,194262,22093836754.88937,86854.2265625,2057.7490234375
2025-03-20,192306,23645918035.302258,84167.1953125,1982.099853515625
2025-03-21,184072,25603827250.397163,84043.2421875,1964.8475341796875
2025-03-22,139850,7304790815.931833,83832.484375,1980.037841796875
2025-03-23,136454,9649019466.640516,86054.375,2005.2991943359375
2025-03-24,206496,29748857779.97485,87498.9140625,2077.47900390625
2025-03-25,211196,29595738500.55616,87471.703125,2067.76416015625
2025-03-26,208195,19491261787.9592,86900.8828125,2009.1893310546875
2025-03-27,206632,23186076340.40762,87177.1015625,2002.357421875
2025-03-28,238174,27121261411.205013,84353.1484375,1895.5029296875
2025-03-29,198690,14432000479.289068,82597.5859375,1827.3203125
2025-03-30,165674,12081672777.909689,82334.5234375,1806.2186279296875
2025-03-31,232735,30785443861.753376,82548.9140625,1823.47998046875
2025-04-01,224156,23421129125.972656,85169.171875,1905.491455078125
2025-04-02,242440,23075441813.24881,82485.7109375,1795.313232421875
2025-04-03,271157,24821288632.708168,83102.828125,1815.63720703125
2025-04-04,234978,25264356922.917244,83843.8046875,1815.335205078125
2025-04-05,153993,9337431617.885984,83504.796875,1805.9732666015625
2025-04-06,210028,15470404135.26725,78214.484375,1576.72802734375
2025-04-07,324026,30439225251.12487,79235.3359375,1555.240966796875
2025-04-08,290209,24125529799.38517,76271.953125,1472.5531005859375
2025-04-09,283594,29881703282.83001,82573.953125,1668.0400390625
2025-04-10,274728,23178640635.799538,79626.140625,1522.518798828125
2025-04-11,268241,28300456441.630077,83404.8359375,1567.1497802734375
2025-04-12,208370,14353798381.799936,85287.109375,1643.528564453125
2025-04-13,185763,10769617480.874195,83684.9765625,1596.685791015625
2025-04-14,231308,20513498718.3079,84542.390625,1622.7698974609375
2025-04-15,232803,24771233959.017693,83668.9921875,1588.6324462890625
2025-04-16,218787,22102353173.199528,84033.8671875,1578.1053466796875
2025-04-17,213387,23187134245.982655,84895.75,1582.54833984375
2025-04-18,188535,24049472877.479748,84450.8046875,1588.9246826171875
2025-04-19,222694,9174501540.656944,85063.4140625,1612.9228515625
2025-04-20,156367,10359966430.921385,85174.3046875,1587.5142822265625
2025-04-21,232733,22145626662.58317,87518.90625,1579.7344970703125
2025-04-22,248780,33303172941.65297,93441.890625,1757.3316650390625
2025-04-23,267464,29022809291.728287,93699.109375,1796.104248046875
2025-04-24,326009,24585370924.961468,93943.796875,1769.8316650390625
2025-04-25,311900,24289541896.66036,94720.5,1786.634521484375
2025-04-26,228963,11925898764.56146,94646.9296875,1821.881103515625
2025-04-27,191128,10925782485.67039,93754.84375,1792.864990234375
2025-04-28,253045,24211345434.94111,94978.75,1798.851806640625
2025-04-29,253968,17054084944.3733,94284.7890625,1799.1756591796875
2025-04-30,255465,20840144866.67457,94207.3125,1793.775390625
2025-05-01,241047,22950059475.47822,96492.3359375,1839.2215576171875
2025-05-02,219168,16968836207.36671,96910.0703125,1842.7078857421875
2025-05-03,175677,9159621338.466606,95891.796875,1833.8397216796875
2025-05-04,171269,10465015332.052814,94315.9765625,1808.59423828125
2025-05-05,227664,21220177042.88126,94748.0546875,1819.697509765625
2025-05-06,243230,25504826643.405792,96802.4765625,1815.0875244140625
2025-05-07,239284,20824743513.28761,97032.3203125,1811.606689453125
2025-05-08,246813,29360502972.50824,103241.4609375,2206.5146484375
2025-05-09,254117,31250663238.509937,102970.8515625,2345.50732421875
2025-05-10,193809,11770021790.251232,104696.328125,2582.422607421875
2025-05-11,183013,11315446055.2479,104106.359375,2510.23779296875
2025-05-12,226532,23439987359.098606,102812.953125,2496.397705078125
2025-05-13,229873,22863250421.97019,104169.8125,2680.129638671875
2025-05-14,229860,20729435574.189743,103539.4140625,2610.063232421875
2025-05-15,249124,22380465127.021385,103744.640625,2546.85693359375
2025-05-16,240905,18116966731.07782,103489.2890625,2536.297607421875
2025-05-17,226601,11340873374.290333,103191.0859375,2475.75439453125
2025-05-18,201780,10683371028.860855,106446.0078125,2498.233642578125
2025-05-19,256552,18340506788.93641,105606.1796875,2529.166748046875
2025-05-20,256917,20495881346.02884,106791.0859375,2524.173095703125
2025-05-21,242841,27403737422.489235,109678.078125,2552.34716796875
2025-05-22,245521,24048290068.64209,111673.28125,2664.156982421875
2025-05-23,252401,27447088748.284023,107287.796875,2526.44189453125
2025-05-24,213226,9729161548.76104,107791.15625,2530.646240234375
2025-05-25,211619,12141198233.554176,109035.390625,2551.763916015625
2025-05-26,263300,15308632684.793364,109440.3671875,2564.138427734375
2025-05-27,269980,21022940095.88128,108994.640625,2663.06982421875
2025-05-28,263928,16854525221.923588,107802.328125,2682.212890625
2025-05-29,235498,22323198598.347153,105641.7578125,2632.65478515625
2025-05-30,245025,21121080330.272465,103998.5703125,2529.943603515625
2025-05-31,219235,12319456616.174725,104638.09375,2529.08740234375
2025-06-01,252899,8338893952.965798,105652.1015625,2536.266357421875
2025-06-02,257601,16655251850.682823,105881.53125,2607.097412109375
2025-06-03,236131,19393706252.57669,105432.46875,2593.2802734375
2025-06-04,222205,15885482203.218063,104731.984375,2608.64306640625
2025-06-05,255037,18706731570.246624,101575.953125,2416.28564453125
2025-06-06,269541,25267735563.86416,104390.34375,2477.19482421875
2025-06-07,242978,9733211043.914211,105615.625,2526.50537109375
2025-06-08,230613,8985630809.12262,105793.6484375,2510.787109375
2025-06-09,257470,22248732470.87414,110294.1015625,2681.51708984375
2025-06-10,265069,23771940333.43133,110257.234375,2813.517578125
2025-06-11,257166,21461581263.59508,108686.625,2773.529296875
2025-06-12,254186,19662005854.931652,105929.0546875,2651.795166015625
2025-06-13,289009,26693400831.3771,106090.96875,2579.486083984375
2025-06-14,199649,10984628835.87236,105472.40625,2533.444091796875
2025-06-15,200803,10503966294.462212,105552.0234375,2546.837158203125
2025-06-16,255322,23217920588.518944,106796.7578125,2540.60498046875
2025-06-17,287919,21156992606.869495,104601.1171875,2510.761474609375
2025-06-18,271057,21456982755.205498,104883.328125,2524.301513671875
2025-06-19,235952,15802309270.979324,104684.2890625,2521.653564453125
2025-06-20,256357,26605276986.41362,103309.6015625,2407.30419921875
2025-06-21,232388,16383200695.322248,102257.40625,2300.49560546875
2025-06-22,262002,15625716530.774334,100987.140625,2228.213134765625
2025-06-23,273308,22589133314.39176,105577.7734375,2421.824951171875
2025-06-24,224979,20646353246.860767,106045.6328125,2448.0087890625
2025-06-25,220753,19498673061.80534,107361.2578125,2419.310302734375
2025-06-26,243917,23156338290.921677,106960.0,2416.146728515625
2025-06-27,266752,19440343875.216854,107088.4296875,2423.866943359375
2025-06-28,190799,10666268159.791836,107327.703125,2437.109375
2025-06-29,193812,11584595762.78658,108385.5703125,2500.9599609375
2025-06-30,255155,20911526955.940228,107135.3359375,2486.46435546875
2025-07-01,289034,19153984120.233578,105698.28125,2405.792724609375
2025-07-02,287784,23469889018.34621,108859.3203125,2571.33544921875
2025-07-03,284044,24083051878.18116,109647.9765625,2591.00732421875
2025-07-04,268619,16743560997.959934,108034.3359375,2508.518310546875
2025-07-05,206418,11016473363.819233,108231.1796875,2517.280029296875
2025-07-06,188896,13193134629.896955,109232.0703125,2571.236572265625
2025-07-07,250586,20180214272.34735,108299.8515625,2543.01318359375
2025-07-08,252184,18136972290.46176,108950.2734375,2615.505859375
2025-07-09,262397,24409705313.853256,111326.5546875,2770.777587890625
2025-07-10,266195,26779697368.885506,115987.203125,2954.84521484375
2025-07-11,277357,29963508816.975822,117516.9921875,2957.88623046875
2025-07-12,247969,17579340625.912975,117435.2265625,2942.91162109375
2025-07-13,214271,14110561302.134336,119116.1171875,2973.35888671875
2025-07-14,261628,32501332281.824203,119849.703125,3013.350830078125
2025-07-15,266550,30361070643.933327,117777.1875,3139.8896484375
2025-07-16,263252,28684655115.80101,118738.5078125,3371.5068359375
2025-07-17,251605,33381852091.44724,119289.84375,3476.784423828125
2025-07-18,262853,40383637750.031,118003.2265625,3549.016357421875
2025-07-19,229663,12912968027.74213,117939.9765625,3595.273681640625
2025-07-20,249004,15074893698.038446,117300.7890625,3759.471435546875
2025-07-21,302982,31917111315.509285,117439.5390625,3763.371337890625
2025-07-22,317789,26362866649.782387,119995.4140625,3749.1455078125
2025-07-23,312396,27021247121.91919,118754.9609375,3629.70361328125
2025-07-24,323285,30135733397.8065,118368.0,3708.005615234375
2025-07-25,337577,35184919147.21365,117635.8828125,3727.266845703125
2025-07-26,233613,15421083559.469606,117947.3671875,3741.39599609375
2025-07-27,253020,16334732197.899763,119448.4921875,3875.24658203125
2025-07-28,323312,26671165303.73987,117924.4765625,3787.42578125
2025-07-29,292780,29023132551.53617,117922.1484375,3793.454833984375
2025-07-30,243167,27648005860.732643,117831.1875,3808.20166015625
2025-07-31,271494,30481156500.674583,115758.203125,3696.707763671875
2025-08-01,370183,34369918251.94761,113320.0859375,3488.365966796875
2025-08-02,272662,18167676778.89765,112526.9140625,3392.7412109375
2025-08-03,229811,19058705782.20194,114217.671875,3497.379150390625
2025-08-04,295767,27996440495.077393,115071.8828125,3718.986083984375
2025-08-05,295469,28239877890.33453,114141.4453125,3611.8994140625
2025-08-06,300265,34769237912.069244,115028.0,3683.920654296875
2025-08-07,312798,28485770006.41121,117496.8984375,3914.325927734375
2025-08-08,324657,27933972251.44947,116688.7265625,4009.848876953125
2025-08-09,313074,19999235268.8049,116500.359375,4263.59912109375
2025-08-10,277363,21551280402.210705,119306.7578125,4254.2177734375
2025-08-11,337996,34284952946.127724,118731.4453125,4226.966796875
2025-08-12,335514,36504404949.045715,120172.90625,4590.9248046875
2025-08-13,344244,47028665215.16743,123344.0625,4756.27587890625
2025-08-14,352477,45802507635.05568,118359.578125,4548.16650390625
2025-08-15,387514,41492904860.09346,117398.3515625,4439.98876953125
2025-08-16,270662,32382513293.88042,117491.3515625,4426.18017578125
2025-08-17,260329,25836708439.039577,117453.0625,4473.271484375
2025-08-18,354896,42210654243.80347,116252.3125,4312.5048828125
2025-08-19,360350,44398524652.81861,112831.1796875,4073.464111328125
2025-08-20,341571,42069655575.77718,114274.7421875,4334.50048828125
2025-08-21,348127,28434531317.04129,112419.03125,4223.2099609375
2025-08-22,357552,40070084166.4245,116874.0859375,4831.3486328125
2025-08-23,325669,34167821288.05642,115374.328125,4776.09033203125
2025-08-24,318432,33481035326.14424,113458.4296875,4779.6474609375
2025-08-25,371245,59815372574.64801,110124.3515625,4372.98779296875
2025-08-26,363217,45191333588.386375,111802.65625,4600.4267578125
2025-08-27,322301,50209484564.735886,111222.0625,4503.39306640625
2025-08-28,376689,40512242923.65147,112544.8046875,4507.177734375
2025-08-29,397656,53033640708.00996,108410.8359375,4360.15283203125
2025-08-30,275421,26201826622.44695,108808.0703125,4374.1533203125
2025-08-31,360852,39979776183.743,108236.7109375,4390.01904296875
2025-09-01,373825,38521721750.69321,109250.59375,4314.47021484375
2025-09-02,410605,49682612126.65027,111200.5859375,4325.36572265625
2025-09-03,397469,39120219471.880714,111723.2109375,4450.38916015625
2025-09-04,353208,33783906646.038097,110723.6015625,4298.744140625
2025-09-05,384260,33219585757.048855,110650.984375,4306.98876953125
2025-09-06,250215,16791941412.082745,110224.6953125,4274.2421875
2025-09-07,246161,15790720649.661308,111167.6171875,4305.34765625
2025-09-08,335331,30233244322.03916,112071.4296875,4308.072265625
2025-09-09,346052,33112354006.74785,111530.546875,4309.04150390625
2025-09-10,368732,28644838407.8377,113955.359375,4349.14599609375
2025-09-11,380181,36703911711.80217,115507.5390625,4461.2333984375
2025-09-12,380362,42426063923.78477,116101.578125,4715.24609375
2025-09-13,349453,24053580105.70739,115950.5078125,4668.1796875
2025-09-14,311119,32558425726.3842,115407.65625,4609.59765625
2025-09-15,358337,42009524441.03768,115444.875,4526.8203125
2025-09-16,349991,27528434683.5709,116843.1875,4503.564453125
2025-09-17,378206,30641653678.373497,116468.5078125,4592.7333984375
2025-09-18,376270,48281220635.31717,117137.203125,4589.9189453125
2025-09-19,398585,29107489449.914497,115688.859375,4470.9169921875
2025-09-20,411464,20384807070.871384,115721.9609375,4482.265625
2025-09-21,307537,24263645756.011604,115306.09375,4451.3291015625
2025-09-22,416027,38830281572.02076,112748.5078125,4202.87744140625
2025-09-23,390995,37188877042.8583,112014.5,4165.50390625
2025-09-24,371602,38585132930.67892,113328.6328125,4153.46923828125
2025-09-25,431400,67151919153.56398,109049.2890625,3868.333984375
2025-09-26,418657,39466819319.89517,109712.828125,4035.887939453125
2025-09-27,316545,28078697334.76472,109681.9453125,4018.658203125
2025-09-28,325098,24650191194.17691,112122.640625,4141.4765625
2025-09-29,471174,48996985619.667145,114400.3828125,4217.341796875
2025-09-30,466550,53997288438.45717,114056.0859375,4145.95751953125
2025-10-01,497356,33965104222.2749,118648.9296875,4351.1123046875
2025-10-02,490699,32769552185.683125,120681.2578125,4487.923828125
2025-10-03,431096,42645739692.67416,122266.53125,4514.87060546875
2025-10-04,325731,26112319552.406864,122425.4296875,4489.197265625
2025-10-05,351813,45186823187.59866,123513.4765625,4515.4228515625
2025-10-06,377966,45877016535.248314,124752.53125,4687.771484375
2025-10-07,402581,42196055120.66278,121451.3828125,4451.15185546875
2025-10-08,438625,36313551475.75087,123354.8671875,4527.64794921875
2025-10-09,417892,45003196788.07695,121705.5859375,4369.1435546875
2025-10-10,408939,48911439747.34981,113214.3671875,3843.0087890625
2025-10-11,419657,52264643747.15668,110807.8828125,3750.611572265625
2025-10-12,376955,52157312474.470215,115169.765625,4164.427734375
2025-10-13,405934,44004865954.544334,115271.078125,4245.4677734375
2025-10-14,413171,67958240596.83887,113118.6640625,4125.412109375
2025-10-15,405955,54746748376.00954,110783.1640625,3987.45947265625
2025-10-16,383065,64333961497.33384,108186.0390625,3894.75439453125
2025-10-17,408222,69273002490.69838,106467.7890625,3832.558837890625
2025-10-18,303225,25963020324.701454,107198.265625,3890.34619140625
2025-10-19,291034,68712203214.86058,108666.7109375,3984.649658203125
2025-10-20,336585,57343846885.28452,110588.9296875,3980.76025390625
2025-10-21,386549,115955511642.86246,108476.890625,3876.76416015625
2025-10-22,399717,84796909116.38005,107688.5859375,3808.122314453125
2025-10-23,413143,95047111648.97588,110069.7265625,3856.0263671875
2025-10-24,426126,48071292513.07523,111033.921875,3934.5673828125
2025-10-25,306818,27439171980.225792,111641.7265625,3953.470947265625
2025-10-26,294659,34714130211.26185,114472.4453125,4157.9892578125
2025-10-27,399755,49236603180.14403,114119.328125,4120.1220703125
2025-10-28,424521,44537532344.12732,112956.1640625,3982.262451171875
2025-10-29,399845,50854913205.07086,110055.3046875,3903.35302734375
2025-10-30,409751,58092362386.62562,108305.546875,3804.375244140625
2025-10-31,432213,58697636068.12856,109556.1640625,3847.080322265625
2025-11-01,325995,40556152779.27183,110064.015625,3874.18798828125
2025-11-02,302154,23427837375.725372,110639.625,3911.063232421875
2025-11-03,438421,57236621217.847824,106547.5234375,3602.30810546875
2025-11-04,448575,59558580632.70047,101590.5234375,3292.574462890625
2025-11-05,461523,59952147208.40561,103891.8359375,3425.171142578125
2025-11-06,498219,41588711625.31692,101301.2890625,3312.2578125
2025-11-07,511723,41964814600.69978,103372.40625,3435.301025390625
2025-11-08,361265,26887900761.40012,102282.1171875,3400.3759765625
2025-11-09,320923,38077398330.51395,104719.640625,3582.621337890625
2025-11-10,477023,41736729434.69535,105996.59375,3568.4599609375
2025-11-11,469982,36032273352.02594,102997.46875,3415.2822265625
2025-11-12,450974,41571326697.98836,101663.1875,3413.09423828125
2025-11-13,460433,59227788554.02478,99697.4921875,3232.757080078125
2025-11-14,488016,38733597931.03421,94397.7890625,3103.78564453125
2025-11-15,385665,43930420399.93093,95549.1484375,3166.63134765625
2025-11-16,383302,50877662312.02721,94177.078125,3092.847412109375
2025-11-17,477519,58987898372.802536,92093.875,3024.538818359375
2025-11-18,514825,44940917447.527145,92948.875,3122.97900390625
2025-11-19,461752,38052675151.576965,91465.9921875,3023.07080078125
2025-11-20,464911,42865289572.607086,86631.8984375,2831.777587890625
2025-11-21,502142,54228909494.13164,85090.6875,2765.69921875
2025-11-22,375707,33762670817.417706,84648.359375,2767.607421875
2025-11-23,365749,58148833911.00467,86805.0078125,2801.676025390625
2025-11-24,505147,67278025680.13246,88270.5625,2952.71337890625
2025-11-25,541347,55444239617.714455,87341.890625,2957.936279296875
2025-11-26,545876,57835103162.790184,90518.3671875,3027.81201171875
2025-11-27,463461,59911938239.701035,91285.375,3014.542236328125
2025-11-28,497076,64842442183.85268,90919.265625,3032.304443359375
2025-11-29,628226,46862978541.491554,90851.7578125,2991.685302734375
2025-11-30,327492,41523496129.04534,90394.3125,2992.112548828125
2025-12-01,549155,91747839832.3202,86321.5703125,2800.18896484375
2025-12-02,513445,69490312058.83589,91350.203125,2997.939697265625
2025-12-03,535345,79262103865.67961,93527.8046875,3191.57177734375
2025-12-04,506635,51430461885.16176,92141.625,3134.31640625
2025-12-05,519055,66037301955.374825,89387.7578125,3024.432861328125
2025-12-06,362028,41164021967.53148,89272.375,3040.207763671875
2025-12-07,265896,20080593137.393063,90405.640625,3061.3017578125
2025-12-08,322086,26577284207.599262,90640.203125,3125.197998046875
2025-12-09,417362,44983962208.69011,92691.7109375,3321.114990234375
2025-12-10,442817,37911412321.53072,92020.9453125,3325.39013671875
2025-12-11,491205,47520343864.95596,92511.3359375,3237.056884765625
2025-12-12,423577,46799201448.73476,90270.4140625,3084.172607421875
2025-12-13,345210,32493065344.562912,90298.7109375,3116.6953125
2025-12-14,340612,45532503124.46762,88175.1796875,3060.5947265625
2025-12-15,516121,67603546318.59497,86419.78125,2964.18310546875
2025-12-16,531900,59334809991.78254,87843.984375,2964.180908203125
2025-12-17,538081,69394756450.9389,86143.7578125,2831.403564453125
2025-12-18,512148,73580796200.05473,85462.5078125,2827.069091796875
2025-12-19,513437,61901123960.60387,88103.3828125,2977.970703125
2025-12-20,486820,32446958339.77089,88344.0,2977.58251953125
2025-12-21,558824,34114507387.44004,88621.75,3001.61376953125
2025-12-22,555732,46053680560.116066,88490.015625,3006.07373046875
2025-12-23,652390,37368157058.884346,87414.0,2963.3740234375
2025-12-24,612619,45228238039.17867,87611.9609375,2945.590576171875
2025-12-25,658497,49685543931.6495,87234.7421875,2903.57958984375
2025-12-26,703377,54129671511.07673,87301.4296875,2925.74560546875
2025-12-27,738473,47603361856.23011,87802.15625,2947.998291015625
2025-12-28,574231,59643233960.284485,87835.8359375,2948.568115234375
2025-12-29,827244,69360160017.46573,87138.140625,2934.538330078125
2025-12-30,792074,61618045614.36058,88430.1328125,2971.416748046875
2025-12-31,919659,70654064707.30716,87508.828125,2967.03759765625
2026-01-01,840463,48176377818.64296,88731.984375,3000.394287109375
2026-01-02,848306,67149974501.404976,89944.6953125,3124.422607421875
2026-01-03,857889,27483809081.989754,90603.1875,3125.91748046875
2026-01-04,728914,44785056439.47126,91413.4921875,3140.71044921875
2026-01-05,758355,47499305831.26601,93882.5546875,3226.13037109375
2026-01-06,758866,42102728730.46806,93729.03125,3295.94677734375
2026-01-07,726160,40358039444.19534,91308.0546875,3166.843994140625
2026-01-08,597219,45931766990.29405,91027.125,3104.382568359375
2026-01-09,560220,50733960698.56678,90513.1015625,3083.047119140625
2026-01-10,434939,41124611930.90466,90386.6484375,3082.39599609375
2026-01-11,397226,40590084339.178406,90827.4609375,3118.88525390625
2026-01-12,563282,61102966364.7983,91192.9921875,3092.3251953125
2026-01-13,595016,50922554144.941765,95321.78125,3322.095458984375
2026-01-14,610641,55153772940.11669,96929.328125,3354.72265625
2026-01-15,607464,41612097354.66594,95551.1875,3317.101318359375
2026-01-16,545191,48210560150.57861,95525.1171875,3295.482177734375
2026-01-17,462585,26065515410.486984,95099.921875,3308.8642578125
2026-01-18,433792,40918938438.62326,93634.4296875,3281.15771484375
2026-01-19,606789,52423892477.75636,92553.59375,3186.62109375
2026-01-20,584422,68694436905.96855,88310.90625,2935.605712890625
2026-01-21,587921,49241345230.579895,89376.9609375,2978.901123046875
2026-01-22,589138,71720999265.60623,89462.453125,2949.63330078125
2026-01-23,530064,59637315284.69624,89503.875,2953.25634765625
2026-01-24,452059,65226099233.38747,89110.734375,2948.74072265625
2026-01-25,453942,57836928663.800545,86572.21875,2815.90234375
2026-01-26,549123,59778167308.74976,88267.140625,2926.45703125
2026-01-27,554623,52305427816.718285,89102.5703125,3022.2109375
2026-01-28,536553,53095944302.220665,89184.5703125,3006.607421875
2026-01-29,552086,64093476341.23485,84561.5859375,2818.232666015625
2026-01-30,638822,61054813059.872765,84128.65625,2702.375244140625
2026-01-31,549405,49640324604.63914,78621.1171875,2445.091796875
2026-02-01,596511,58190090959.52904,76974.4453125,2267.96484375
2026-02-02,552082,66070144128.80572,78688.765625,2344.356689453125
2026-02-03,552202,65833207658.251854,75633.546875,2227.558837890625
2026-02-04,586709,63128838116.37787,73019.703125,2143.504150390625
2026-02-05,616166,97029531231.72266,62702.09765625,1821.68310546875
2026-02-06,606394,77527657114.11548,70555.390625,2063.386962890625
2026-02-07,533041,55128235546.96602,69281.96875,2090.54931640625
2026-02-08,496470,66256792357.46332,70264.7265625,2088.762939453125
2026-02-09,629970,80225665649.6529,70120.78125,2103.567626953125
2026-02-10,643887,60769921517.38352,68793.9609375,2019.4974365234375
2026-02-11,578434,79424913111.91492,66991.96875,1940.621337890625
2026-02-12,607453,75018530259.34988,66221.84375,1946.940673828125
2026-02-13,637896,55914791169.856895,68857.84375,2048.52734375
2026-02-14,547960,37838980491.41363,69767.625,2086.009765625
2026-02-15,505465,39221390343.71991,68788.1875,1966.04296875
2026-02-16,570948,39579866251.420815,68843.15625,1997.917724609375
2026-02-17,535567,43093688339.442955,67494.21875,1992.1943359375
2026-02-18,529598,34212411672.200554,66425.3203125,1953.97412109375
2026-02-19,548348,47486717601.24433,66957.5234375,1948.2010498046875
2026-02-20,517568,54241339027.50561,68005.421875,1969.0223388671875
2026-02-21,400835,61589407561.56001,68003.765625,1973.7371826171875
2026-02-22,398770,37033408817.93804,67659.390625,1957.805908203125
2026-02-23,567451,76178962347.66136,64616.73828125,1855.5028076171875
2026-02-24,589230,76470851079.2454,64080.04296875,1852.969482421875
2026-02-25,532051,65091166182.43084,67960.125,2054.6279296875
2026-02-26,596397,68063293531.4634,67453.7734375,2026.7926025390625
2026-02-27,591589,60628034039.73839,65881.796875,1930.7618408203125
2026-02-28,542594,60673131409.087814,66995.859375,1965.050537109375
2026-03-01,499160,36750301685.77319,65738.1015625,1939.066650390625
2026-03-02,601542,64995170707.33706,68775.8515625,2027.2689208984375
2026-03-03,625352,60260397851.54218,68293.6484375,1982.7689208984375
2026-03-04,623511,50084021692.249725,72710.578125,2126.50537109375
2026-03-05,585605,48696865648.70213,70841.125,2071.60546875
2026-03-06,626109,38485396002.396,68136.4921875,1978.751220703125
2026-03-07,433258,30999558364.01506,67272.59375,1969.4554443359375
2026-03-08,427312,33959541023.56238,65969.78125,1936.604736328125
2026-03-09,611347,45995526456.73404,68402.3828125,1992.938232421875
2026-03-10,629726,49283727751.54742,69926.921875,2037.1204833984375
2026-03-11,631465,39022988314.54112,70204.8828125,2051.5732421875
2026-03-12,578174,43516409334.21759,70493.4609375,2073.13623046875
2026-03-13,606155,57698677108.28312,70968.265625,2092.5634765625
2026-03-14,460373,30853349473.26732,71214.625,2097.086669921875
2026-03-15,507708,35977036724.52021,72789.9140625,2177.476318359375
2026-03-16,594817,45758566691.2929,74861.0859375,2351.176025390625
2026-03-17,604185,45727122289.52393,73922.4765625,2318.053466796875
2026-03-18,637952,50903570788.9216,71245.578125,2203.671630859375
2026-03-19,670632,48228541039.38515,69912.7890625,2137.423828125
2026-03-20,667929,38165394227.62754,70522.5859375,2146.4970703125
2026-03-21,487462,16873010031.75574,68711.5234375,2076.68994140625
2026-03-22,566321,368016865974.1756,67845.2109375,2053.04833984375
2026-03-23,595516,196887604195.6783,70914.859375,2152.14599609375
2026-03-24,588079,73499400509.26724,70517.859375,2155.704345703125
2026-03-25,686993,47652536220.40391,71309.8828125,2168.021484375
2026-03-26,602677,64851119204.73137,68791.625,2059.578369140625
2026-03-27,631687,48134327528.08114,66338.375,1991.27197265625
2026-03-28,526721,25111533014.990257,66319.6953125,1992.694580078125
2026-03-29,554128,21557157580.149773,65954.921875,1982.5596923828125
2026-03-30,648210,35798619171.613235,66691.4453125,2023.514892578125
2026-03-31,553484,61616062760.29404,68233.3125,2104.708251953125
2026-04-01,729143,44468264803.0198,68078.5546875,2138.737060546875
2026-04-02,605197,47367553816.99068,66888.5703125,2056.8525390625
2026-04-03,534040,58890523774.45274,66931.1015625,2053.38525390625
2026-04-04,409360,30782018377.234028,67290.515625,2065.3515625
