date,transfer_count,usdc_volume
2023-10-01 00:00:00.000 UTC,42852,2698518446.321946
2023-10-02 00:00:00.000 UTC,61516,7903753391.062651
2023-10-03 00:00:00.000 UTC,50597,6157389039.677013
2023-10-04 00:00:00.000 UTC,56845,5877145745.005121
2023-10-05 00:00:00.000 UTC,54382,5200414949.823265
2023-10-06 00:00:00.000 UTC,54835,6667433865.167856
2023-10-07 00:00:00.000 UTC,38209,2244547524.5276327
2023-10-08 00:00:00.000 UTC,37698,2474283769.7174244
2023-10-09 00:00:00.000 UTC,53344,5347433893.701043
2023-10-10 00:00:00.000 UTC,50557,5912217303.812839
2023-10-11 00:00:00.000 UTC,55414,5506016908.086867
2023-10-12 00:00:00.000 UTC,57189,5132779073.342622
2023-10-13 00:00:00.000 UTC,53985,4214314739.363898
2023-10-14 00:00:00.000 UTC,43734,1699599483.5886288
2023-10-15 00:00:00.000 UTC,40947,1766263101.8744562
2023-10-16 00:00:00.000 UTC,64532,7534080254.383579
2023-10-17 00:00:00.000 UTC,56625,5867394404.565034
2023-10-18 00:00:00.000 UTC,56083,6534871433.620918
2023-10-19 00:00:00.000 UTC,55992,5555537032.2185335
2023-10-20 00:00:00.000 UTC,59842,6059643397.323303
2023-10-21 00:00:00.000 UTC,50386,2688625227.5558186
2023-10-22 00:00:00.000 UTC,50691,2914692478.996457
2023-10-23 00:00:00.000 UTC,73678,8088223277.678145
2023-10-24 00:00:00.000 UTC,83903,8460229309.520018
2023-10-25 00:00:00.000 UTC,73508,6333834810.515187
2023-10-26 00:00:00.000 UTC,67947,6194410663.731664
2023-10-27 00:00:00.000 UTC,60675,5226430460.857733
2023-10-28 00:00:00.000 UTC,46425,2031959068.6394176
2023-10-29 00:00:00.000 UTC,44367,1736262372.4463315
2023-10-30 00:00:00.000 UTC,60131,5315958099.06811
2023-10-31 00:00:00.000 UTC,65200,8450293838.225283
2023-11-01 00:00:00.000 UTC,67653,5701681891.582121
2023-11-02 00:00:00.000 UTC,69886,7806478993.806144
2023-11-03 00:00:00.000 UTC,63058,5309669144.209919
2023-11-04 00:00:00.000 UTC,48526,3443827642.2614446
2023-11-05 00:00:00.000 UTC,52626,2484491211.5716805
2023-11-06 00:00:00.000 UTC,57850,6159104611.689805
2023-11-07 00:00:00.000 UTC,61328,5296761940.593556
2023-11-08 00:00:00.000 UTC,55803,5160677562.958139
2023-11-09 00:00:00.000 UTC,76895,9022290912.865755
2023-11-10 00:00:00.000 UTC,68561,7225082289.21493
2023-11-11 00:00:00.000 UTC,56623,3447235269.3987885
2023-11-12 00:00:00.000 UTC,50657,2045984252.524869
2023-11-13 00:00:00.000 UTC,58255,7155526997.699211
2023-11-14 00:00:00.000 UTC,62303,6972562706.021664
2023-11-15 00:00:00.000 UTC,64509,6449225870.3933525
2023-11-16 00:00:00.000 UTC,66055,6797851913.971006
2023-11-17 00:00:00.000 UTC,62213,6797855463.326423
2023-11-18 00:00:00.000 UTC,50870,3000207849.6813912
2023-11-19 00:00:00.000 UTC,50089,2116792421.943247
2023-11-20 00:00:00.000 UTC,61747,4511809930.459823
2023-11-21 00:00:00.000 UTC,70960,6369779527.723647
2023-11-22 00:00:00.000 UTC,63549,6715278554.575092
2023-11-23 00:00:00.000 UTC,51945,3903824556.0963464
2023-11-24 00:00:00.000 UTC,56685,5713432697.58404
2023-11-25 00:00:00.000 UTC,46510,1264795454.3648703
2023-11-26 00:00:00.000 UTC,46035,1790751557.9196858
2023-11-27 00:00:00.000 UTC,57109,5073618945.463725
2023-11-28 00:00:00.000 UTC,56574,4492599871.444965
2023-11-29 00:00:00.000 UTC,60317,5295405098.248083
2023-11-30 00:00:00.000 UTC,57222,5203150065.06244
2023-12-01 00:00:00.000 UTC,62360,4897918231.514844
2023-12-02 00:00:00.000 UTC,53526,2205185059.5496674
2023-12-03 00:00:00.000 UTC,51925,1845675394.6300375
2023-12-04 00:00:00.000 UTC,73400,5817710120.95122
2023-12-05 00:00:00.000 UTC,69186,6185509416.054008
2023-12-06 00:00:00.000 UTC,66068,4680854164.99937
2023-12-07 00:00:00.000 UTC,69794,5472717384.042246
2023-12-08 00:00:00.000 UTC,75097,5244934235.180739
2023-12-09 00:00:00.000 UTC,64875,2544546541.445618
2023-12-10 00:00:00.000 UTC,57839,1880145763.8274248
2023-12-11 00:00:00.000 UTC,79046,7632425284.164583
2023-12-12 00:00:00.000 UTC,64300,6510681234.127123
2023-12-13 00:00:00.000 UTC,61224,7269133346.206432
2023-12-14 00:00:00.000 UTC,65585,6028974312.929705
2023-12-15 00:00:00.000 UTC,69410,6041868101.550577
2023-12-16 00:00:00.000 UTC,51855,3076331458.355212
2023-12-17 00:00:00.000 UTC,50382,2895246719.169137
2023-12-18 00:00:00.000 UTC,80660,6525884950.490892
2023-12-19 00:00:00.000 UTC,61925,5891476092.02055
2023-12-20 00:00:00.000 UTC,62674,6303657309.634827
2023-12-21 00:00:00.000 UTC,74711,6191119232.396373
2023-12-22 00:00:00.000 UTC,81858,6359571791.092337
2023-12-23 00:00:00.000 UTC,65813,2346686257.238424
2023-12-24 00:00:00.000 UTC,67800,2529145832.8171296
2023-12-25 00:00:00.000 UTC,65031,2509552415.694791
2023-12-26 00:00:00.000 UTC,75048,5968136959.04531
2023-12-27 00:00:00.000 UTC,72201,6688265947.793364
2023-12-28 00:00:00.000 UTC,78278,7903855745.209127
2023-12-29 00:00:00.000 UTC,75886,7427960140.152803
2023-12-30 00:00:00.000 UTC,61572,3682987918.6719785
2023-12-31 00:00:00.000 UTC,64169,3516387898.6982327
2024-01-01 00:00:00.000 UTC,66572,4041890872.382679
2024-01-02 00:00:00.000 UTC,84377,8073989237.467541
2024-01-03 00:00:00.000 UTC,81958,8408940584.41234
2024-01-04 00:00:00.000 UTC,78220,7835511875.636898
2024-01-05 00:00:00.000 UTC,74795,6622779543.891227
2024-01-06 00:00:00.000 UTC,56289,2177256392.1096873
2024-01-07 00:00:00.000 UTC,45725,1793818182.4194305
2024-01-08 00:00:00.000 UTC,80229,7953872222.586308
2024-01-09 00:00:00.000 UTC,80427,7808584756.206765
2024-01-10 00:00:00.000 UTC,76686,8705528353.06801
2024-01-11 00:00:00.000 UTC,83648,11360079313.728195
2024-01-12 00:00:00.000 UTC,82679,10692263860.033163
2024-01-13 00:00:00.000 UTC,60340,3108656009.3448734
2024-01-14 00:00:00.000 UTC,51178,2409106827.9576244
2024-01-15 00:00:00.000 UTC,64381,4711465194.063939
2024-01-16 00:00:00.000 UTC,59125,7549757768.9388
2024-01-17 00:00:00.000 UTC,58823,8906844108.366522
2024-01-18 00:00:00.000 UTC,67781,8342848017.381803
2024-01-19 00:00:00.000 UTC,78615,9892465386.169971
2024-01-20 00:00:00.000 UTC,57743,4366697951.365688
2024-01-21 00:00:00.000 UTC,57353,1707337696.435236
2024-01-22 00:00:00.000 UTC,85695,7998928566.222512
2024-01-23 00:00:00.000 UTC,90520,8089500097.516563
2024-01-24 00:00:00.000 UTC,73426,6531653703.635551
2024-01-25 00:00:00.000 UTC,68659,5997920119.968374
2024-01-26 00:00:00.000 UTC,68404,5914961862.062641
2024-01-27 00:00:00.000 UTC,55554,2083914447.3716795
2024-01-28 00:00:00.000 UTC,55793,1903573202.009928
2024-01-29 00:00:00.000 UTC,68661,6921511588.0087385
2024-01-30 00:00:00.000 UTC,69292,8269276176.380429
2024-01-31 00:00:00.000 UTC,78633,7318466430.963826
2024-02-01 00:00:00.000 UTC,72062,6197852415.539221
2024-02-02 00:00:00.000 UTC,73716,5333389110.570142
2024-02-03 00:00:00.000 UTC,50727,1514092776.759087
2024-02-04 00:00:00.000 UTC,52734,1210647428.104885
2024-02-05 00:00:00.000 UTC,69339,6028177174.120583
2024-02-06 00:00:00.000 UTC,59523,6780423115.872216
2024-02-07 00:00:00.000 UTC,59414,7440198247.774488
2024-02-08 00:00:00.000 UTC,55153,8379470561.155462
2024-02-09 00:00:00.000 UTC,52622,7381016560.773154
2024-02-10 00:00:00.000 UTC,48724,2897691145.316189
2024-02-11 00:00:00.000 UTC,50571,2464117832.068099
2024-02-12 00:00:00.000 UTC,55797,7199023610.691617
2024-02-13 00:00:00.000 UTC,65551,7759182475.882509
2024-02-14 00:00:00.000 UTC,71427,6863096359.020973
2024-02-15 00:00:00.000 UTC,70157,5964499678.84515
2024-02-16 00:00:00.000 UTC,69943,5768967806.060084
2024-02-17 00:00:00.000 UTC,57378,2285200186.8069577
2024-02-18 00:00:00.000 UTC,56810,1874932199.898142
2024-02-19 00:00:00.000 UTC,71383,4384887122.358954
2024-02-20 00:00:00.000 UTC,74130,7035961639.049988
2024-02-21 00:00:00.000 UTC,64388,6370394748.197842
2024-02-22 00:00:00.000 UTC,60122,7600139824.110447
2024-02-23 00:00:00.000 UTC,62479,7335073752.994835
2024-02-24 00:00:00.000 UTC,51447,2093700633.4604683
2024-02-25 00:00:00.000 UTC,55849,2202637564.664052
2024-02-26 00:00:00.000 UTC,70046,7530505764.01603
2024-02-27 00:00:00.000 UTC,74791,8864914203.51209
2024-02-28 00:00:00.000 UTC,81111,10991171079.282036
2024-02-29 00:00:00.000 UTC,79767,12802282731.966862
2024-03-01 00:00:00.000 UTC,77718,7536800870.420272
2024-03-02 00:00:00.000 UTC,62345,3863291021.4832854
2024-03-03 00:00:00.000 UTC,65130,2866670972.555504
2024-03-04 00:00:00.000 UTC,77779,11296106776.079435
2024-03-05 00:00:00.000 UTC,88772,15199978998.672052
2024-03-06 00:00:00.000 UTC,78885,11595271473.518364
2024-03-07 00:00:00.000 UTC,73262,10671014734.613045
2024-03-08 00:00:00.000 UTC,71214,12770708252.547651
2024-03-09 00:00:00.000 UTC,60926,3524200323.84782
2024-03-10 00:00:00.000 UTC,62279,4750349542.975884
2024-03-11 00:00:00.000 UTC,76301,13067550608.050207
2024-03-12 00:00:00.000 UTC,75618,11943652696.219875
2024-03-13 00:00:00.000 UTC,74685,12055327014.53413
2024-03-14 00:00:00.000 UTC,82542,11694285352.966764
2024-03-15 00:00:00.000 UTC,94111,14802096271.818151
2024-03-16 00:00:00.000 UTC,75579,5642394556.708584
2024-03-17 00:00:00.000 UTC,72780,4502561436.47784
2024-03-18 00:00:00.000 UTC,79124,9980561908.3452
2024-03-19 00:00:00.000 UTC,95161,16612614781.420156
2024-03-20 00:00:00.000 UTC,89422,15141322778.17804
2024-03-21 00:00:00.000 UTC,75153,11436853845.497065
2024-03-22 00:00:00.000 UTC,74882,11744620260.19288
2024-03-23 00:00:00.000 UTC,60815,2736544318.5548797
2024-03-24 00:00:00.000 UTC,61007,3161809662.0410633
2024-03-25 00:00:00.000 UTC,81763,9971028876.44004
2024-03-26 00:00:00.000 UTC,79821,10675531628.907728
2024-03-27 00:00:00.000 UTC,77737,11888347304.390842
2024-03-28 00:00:00.000 UTC,76237,9958549349.376188
2024-03-29 00:00:00.000 UTC,75399,11398045346.805548
2024-03-30 00:00:00.000 UTC,63903,2809014924.4340124
2024-03-31 00:00:00.000 UTC,63225,3140298388.917152
2024-04-01 00:00:00.000 UTC,79465,12994739570.626492
2024-04-02 00:00:00.000 UTC,96586,15303270164.817192
2024-04-03 00:00:00.000 UTC,79622,11254145954.506994
2024-04-04 00:00:00.000 UTC,83246,13174043441.586712
2024-04-05 00:00:00.000 UTC,80963,12734386529.965113
2024-04-06 00:00:00.000 UTC,62271,2751122600.7659492
2024-04-07 00:00:00.000 UTC,60487,3629101415.4796257
2024-04-08 00:00:00.000 UTC,77799,12084630349.97208
2024-04-09 00:00:00.000 UTC,78914,10997707554.6956
2024-04-10 00:00:00.000 UTC,83364,8876276803.916426
2024-04-11 00:00:00.000 UTC,79332,8519083306.463215
2024-04-12 00:00:00.000 UTC,91708,14634739354.714664
2024-04-13 00:00:00.000 UTC,95391,9731449309.627363
2024-04-14 00:00:00.000 UTC,95872,7490805340.702596
2024-04-15 00:00:00.000 UTC,94466,11543157735.911585
2024-04-16 00:00:00.000 UTC,93775,11156200083.74416
2024-04-17 00:00:00.000 UTC,80189,10966264159.398111
2024-04-18 00:00:00.000 UTC,84633,10960965437.131302
2024-04-19 00:00:00.000 UTC,92855,15354042162.831083
2024-04-20 00:00:00.000 UTC,67594,3881024386.522625
2024-04-21 00:00:00.000 UTC,66201,4208411774.302509
2024-04-22 00:00:00.000 UTC,78600,12472534760.986263
2024-04-23 00:00:00.000 UTC,75520,8554599358.738295
2024-04-24 00:00:00.000 UTC,78470,12305311317.31243
2024-04-25 00:00:00.000 UTC,77331,11681855258.297762
2024-04-26 00:00:00.000 UTC,78046,6935115664.801189
2024-04-27 00:00:00.000 UTC,69283,3201020085.0653296
2024-04-28 00:00:00.000 UTC,60255,3329875210.279316
2024-04-29 00:00:00.000 UTC,76360,7983946172.121124
2024-04-30 00:00:00.000 UTC,91280,12506202127.547106
2024-05-01 00:00:00.000 UTC,97380,10460644173.703796
2024-05-02 00:00:00.000 UTC,83527,11168384829.591232
2024-05-03 00:00:00.000 UTC,85766,9008964248.225851
2024-05-04 00:00:00.000 UTC,67889,4634129537.504106
2024-05-05 00:00:00.000 UTC,63478,2518481015.984412
2024-05-06 00:00:00.000 UTC,98974,9321574762.213371
2024-05-07 00:00:00.000 UTC,95873,7253265600.950511
2024-05-08 00:00:00.000 UTC,84089,8124532847.409366
2024-05-09 00:00:00.000 UTC,87222,8191618566.5256
2024-05-10 00:00:00.000 UTC,86409,6827643385.496816
2024-05-11 00:00:00.000 UTC,59557,2718151472.288806
2024-05-12 00:00:00.000 UTC,63580,2028313916.0039823
2024-05-13 00:00:00.000 UTC,89139,6728473056.90354
2024-05-14 00:00:00.000 UTC,83272,7914050406.675328
2024-05-15 00:00:00.000 UTC,93510,9234288483.902737
2024-05-16 00:00:00.000 UTC,109549,7729393756.834453
2024-05-17 00:00:00.000 UTC,100426,10098084895.993568
2024-05-18 00:00:00.000 UTC,77913,3817155481.523655
2024-05-19 00:00:00.000 UTC,70806,2829486838.9326034
2024-05-20 00:00:00.000 UTC,99459,11806469247.98651
2024-05-21 00:00:00.000 UTC,115498,18774703770.50833
2024-05-22 00:00:00.000 UTC,96437,10575948050.646835
2024-05-23 00:00:00.000 UTC,98503,12613167636.354984
2024-05-24 00:00:00.000 UTC,88583,10042250346.406092
2024-05-25 00:00:00.000 UTC,75794,2748266601.1443357
2024-05-26 00:00:00.000 UTC,72828,4525346440.330313
2024-05-27 00:00:00.000 UTC,75535,6269449141.465435
2024-05-28 00:00:00.000 UTC,78081,8942664056.116375
2024-05-29 00:00:00.000 UTC,81499,10790047511.8674
2024-05-30 00:00:00.000 UTC,80495,9210119896.0827
2024-05-31 00:00:00.000 UTC,79638,7905795524.891675
2024-06-01 00:00:00.000 UTC,65101,2195521054.177478
2024-06-02 00:00:00.000 UTC,61634,2104655186.0696695
2024-06-03 00:00:00.000 UTC,74865,9346629215.206888
2024-06-04 00:00:00.000 UTC,76894,8021500970.58162
2024-06-05 00:00:00.000 UTC,75023,9585363597.926062
2024-06-06 00:00:00.000 UTC,67611,8137965956.741798
2024-06-07 00:00:00.000 UTC,77171,8604034492.249002
2024-06-08 00:00:00.000 UTC,65298,3973909119.3269906
2024-06-09 00:00:00.000 UTC,60507,2696527198.653063
2024-06-10 00:00:00.000 UTC,76838,7751803178.558104
2024-06-11 00:00:00.000 UTC,84604,9764261981.20025
2024-06-12 00:00:00.000 UTC,76795,8718017085.84381
2024-06-13 00:00:00.000 UTC,79833,9572358784.013124
2024-06-14 00:00:00.000 UTC,80781,10601913144.535145
2024-06-15 00:00:00.000 UTC,62818,2907518430.653757
2024-06-16 00:00:00.000 UTC,60492,2544723813.679179
2024-06-17 00:00:00.000 UTC,85243,9533232899.729765
2024-06-18 00:00:00.000 UTC,103981,9284145083.541882
2024-06-19 00:00:00.000 UTC,75698,4644599773.235546
2024-06-20 00:00:00.000 UTC,76483,7644244937.308356
2024-06-21 00:00:00.000 UTC,81720,7852484328.895714
2024-06-22 00:00:00.000 UTC,66408,2294226256.80923
2024-06-23 00:00:00.000 UTC,72805,2909495593.917107
2024-06-24 00:00:00.000 UTC,105018,11476246482.604872
2024-06-25 00:00:00.000 UTC,97726,11130054219.905573
2024-06-26 00:00:00.000 UTC,76938,9243949326.29094
2024-06-27 00:00:00.000 UTC,74857,10078360850.283962
2024-06-28 00:00:00.000 UTC,92626,9907475480.190536
2024-06-29 00:00:00.000 UTC,75794,2789648449.6039743
2024-06-30 00:00:00.000 UTC,74860,4418867986.232279
2024-07-01 00:00:00.000 UTC,85665,10331594772.699951
2024-07-02 00:00:00.000 UTC,81986,8546679494.708827
2024-07-03 00:00:00.000 UTC,85237,8798082979.453426
2024-07-04 00:00:00.000 UTC,94716,7461151809.456238
2024-07-05 00:00:00.000 UTC,115950,13803535720.019188
2024-07-06 00:00:00.000 UTC,76970,3339952699.2793913
2024-07-07 00:00:00.000 UTC,77553,3282399058.090256
2024-07-08 00:00:00.000 UTC,100245,11611217391.948776
2024-07-09 00:00:00.000 UTC,83612,7080074525.833508
2024-07-10 00:00:00.000 UTC,80057,7895027312.11443
2024-07-11 00:00:00.000 UTC,85153,9596003927.424068
2024-07-12 00:00:00.000 UTC,86883,9390665694.32792
2024-07-13 00:00:00.000 UTC,67246,2703709875.358321
2024-07-14 00:00:00.000 UTC,67601,2673068423.005726
2024-07-15 00:00:00.000 UTC,88063,12152918603.347383
2024-07-16 00:00:00.000 UTC,85139,9619745481.344725
2024-07-17 00:00:00.000 UTC,76571,7909473260.38483
2024-07-18 00:00:00.000 UTC,72773,6501360002.615303
2024-07-19 00:00:00.000 UTC,80815,11135719542.652592
2024-07-20 00:00:00.000 UTC,68856,3863051347.952976
2024-07-21 00:00:00.000 UTC,68324,4185797497.540025
2024-07-22 00:00:00.000 UTC,79595,7971919351.836627
2024-07-23 00:00:00.000 UTC,88509,12327423253.186407
2024-07-24 00:00:00.000 UTC,82051,8321966693.078163
2024-07-25 00:00:00.000 UTC,98172,8364295048.482408
2024-07-26 00:00:00.000 UTC,87651,8410300005.653361
2024-07-27 00:00:00.000 UTC,73208,3839530744.788743
2024-07-28 00:00:00.000 UTC,67603,2859692836.4159617
2024-07-29 00:00:00.000 UTC,92961,12895288563.127993
2024-07-30 00:00:00.000 UTC,80732,7781889124.977912
2024-07-31 00:00:00.000 UTC,85679,8568951519.633919
2024-08-01 00:00:00.000 UTC,93162,9067520730.25677
2024-08-02 00:00:00.000 UTC,100994,9299106999.42392
2024-08-03 00:00:00.000 UTC,104008,5528244935.652129
2024-08-04 00:00:00.000 UTC,103587,5609514632.505957
2024-08-05 00:00:00.000 UTC,164535,23933513462.724117
2024-08-06 00:00:00.000 UTC,114655,12823019718.054054
2024-08-07 00:00:00.000 UTC,108934,9931125354.720882
2024-08-08 00:00:00.000 UTC,100557,8564917647.169064
2024-08-09 00:00:00.000 UTC,91598,8811160933.028751
2024-08-10 00:00:00.000 UTC,74182,2655303408.460029
2024-08-11 00:00:00.000 UTC,76891,3719924375.462496
2024-08-12 00:00:00.000 UTC,92367,10617057129.908243
2024-08-13 00:00:00.000 UTC,91200,9520883248.575846
2024-08-14 00:00:00.000 UTC,85555,9506186008.703936
2024-08-15 00:00:00.000 UTC,84208,8245256010.458639
2024-08-16 00:00:00.000 UTC,92457,9669181372.405228
2024-08-17 00:00:00.000 UTC,65097,3056666852.9781075
2024-08-18 00:00:00.000 UTC,67474,2707987824.1539135
2024-08-19 00:00:00.000 UTC,84457,8983978331.455416
2024-08-20 00:00:00.000 UTC,103814,9950002976.865644
2024-08-21 00:00:00.000 UTC,92629,10526598844.491934
2024-08-22 00:00:00.000 UTC,91145,9041630061.7317
2024-08-23 00:00:00.000 UTC,107603,12232688924.61121
2024-08-24 00:00:00.000 UTC,93581,5344932060.049711
2024-08-25 00:00:00.000 UTC,81746,3735259364.129256
2024-08-26 00:00:00.000 UTC,95786,9762790868.886536
2024-08-27 00:00:00.000 UTC,106665,11233495668.545565
2024-08-28 00:00:00.000 UTC,111528,10440589937.89144
2024-08-29 00:00:00.000 UTC,105340,9970179262.4687
2024-08-30 00:00:00.000 UTC,118104,9129926052.631468
2024-08-31 00:00:00.000 UTC,82826,2222586754.3985963
2024-09-01 00:00:00.000 UTC,95082,4668285633.71413
2024-09-02 00:00:00.000 UTC,89104,4801993347.178682
2024-09-03 00:00:00.000 UTC,102016,8817382745.687483
2024-09-04 00:00:00.000 UTC,106011,12534751137.46676
2024-09-05 00:00:00.000 UTC,88218,8381454652.0853405
2024-09-06 00:00:00.000 UTC,112176,10240980792.185196
2024-09-07 00:00:00.000 UTC,100176,3695673459.1080112
2024-09-08 00:00:00.000 UTC,102778,2558320157.4079285
2024-09-09 00:00:00.000 UTC,101950,9224143019.40726
2024-09-10 00:00:00.000 UTC,92005,8888389066.149872
2024-09-11 00:00:00.000 UTC,101485,8417221832.432436
2024-09-12 00:00:00.000 UTC,99215,7208939611.104492
2024-09-13 00:00:00.000 UTC,112658,10475713909.71102
2024-09-14 00:00:00.000 UTC,98950,2761460741.81627
2024-09-15 00:00:00.000 UTC,118761,3132507841.90337
2024-09-16 00:00:00.000 UTC,94788,9265964827.882635
2024-09-17 00:00:00.000 UTC,87067,8549236020.10872
2024-09-18 00:00:00.000 UTC,80638,7986866263.811331
2024-09-19 00:00:00.000 UTC,80630,10901212498.69325
2024-09-20 00:00:00.000 UTC,75650,9580591607.477757
2024-09-21 00:00:00.000 UTC,58549,2324599108.156123
2024-09-22 00:00:00.000 UTC,58771,2206844014.1778007
2024-09-23 00:00:00.000 UTC,74294,7742378303.48408
2024-09-24 00:00:00.000 UTC,69910,7318220989.588838
2024-09-25 00:00:00.000 UTC,70173,7937250725.681032
2024-09-26 00:00:00.000 UTC,76462,8652328212.625435
2024-09-27 00:00:00.000 UTC,85867,9804928163.26685
2024-09-28 00:00:00.000 UTC,78552,2030357299.8490243
2024-09-29 00:00:00.000 UTC,70504,2024261699.0847163
2024-09-30 00:00:00.000 UTC,94395,11984293931.36752
2024-10-01 00:00:00.000 UTC,105687,14450546573.957329
2024-10-02 00:00:00.000 UTC,94359,9481726176.83183
2024-10-03 00:00:00.000 UTC,99077,7960017034.52
2024-10-04 00:00:00.000 UTC,100171,9178229294.945251
2024-10-05 00:00:00.000 UTC,75440,2180239718.4967756
2024-10-06 00:00:00.000 UTC,66376,2079406441.80634
2024-10-07 00:00:00.000 UTC,86764,9847248865.7193
2024-10-08 00:00:00.000 UTC,77750,9272358398.429129
2024-10-09 00:00:00.000 UTC,78296,8606850034.440802
2024-10-10 00:00:00.000 UTC,89460,8952355161.429718
2024-10-11 00:00:00.000 UTC,79209,9107341294.478174
2024-10-12 00:00:00.000 UTC,80644,2640091881.012432
2024-10-13 00:00:00.000 UTC,76580,2388499219.7388744
2024-10-14 00:00:00.000 UTC,87147,9567917886.739454
2024-10-15 00:00:00.000 UTC,92217,11140945849.297806
2024-10-16 00:00:00.000 UTC,85409,11692043802.67631
2024-10-17 00:00:00.000 UTC,75199,9190946638.952929
2024-10-18 00:00:00.000 UTC,68885,7469064417.210943
2024-10-19 00:00:00.000 UTC,63244,2159370902.2116904
2024-10-20 00:00:00.000 UTC,67602,2152013070.175634
2024-10-21 00:00:00.000 UTC,86480,10292122068.777905
2024-10-22 00:00:00.000 UTC,84068,8557783685.268646
2024-10-23 00:00:00.000 UTC,87888,10933189278.523104
2024-10-24 00:00:00.000 UTC,87693,8983680041.183243
2024-10-25 00:00:00.000 UTC,105127,12490945931.568
2024-10-26 00:00:00.000 UTC,79538,3669281211.920724
2024-10-27 00:00:00.000 UTC,65955,2510575379.7037206
2024-10-28 00:00:00.000 UTC,87557,9143779744.727425
2024-10-29 00:00:00.000 UTC,100910,12710259429.74672
2024-10-30 00:00:00.000 UTC,87870,9665705689.49404
2024-10-31 00:00:00.000 UTC,97439,11440334550.798656
2024-11-01 00:00:00.000 UTC,103396,12527184816.481236
2024-11-02 00:00:00.000 UTC,76970,3305041048.688502
2024-11-03 00:00:00.000 UTC,100858,3418272742.475701
2024-11-04 00:00:00.000 UTC,104452,9365869451.466042
2024-11-05 00:00:00.000 UTC,117193,10945997810.09111
2024-11-06 00:00:00.000 UTC,130175,22256054594.827477
2024-11-07 00:00:00.000 UTC,108609,17629219211.976784
2024-11-08 00:00:00.000 UTC,101438,13813758848.180428
2024-11-09 00:00:00.000 UTC,89412,7390203556.891114
2024-11-10 00:00:00.000 UTC,100714,7693073944.417437
2024-11-11 00:00:00.000 UTC,111095,15684523896.866592
2024-11-12 00:00:00.000 UTC,114243,20577369064.069412
2024-11-13 00:00:00.000 UTC,103656,17301632165.65051
2024-11-14 00:00:00.000 UTC,106854,14779005662.414982
2024-11-15 00:00:00.000 UTC,106260,14879136156.67391
2024-11-16 00:00:00.000 UTC,94947,6126975154.83211
2024-11-17 00:00:00.000 UTC,93084,4571900905.629764
2024-11-18 00:00:00.000 UTC,105209,13743856304.666595
2024-11-19 00:00:00.000 UTC,101601,14265905508.511972
2024-11-20 00:00:00.000 UTC,113702,15046927716.71005
2024-11-21 00:00:00.000 UTC,119744,17533646497.810505
2024-11-22 00:00:00.000 UTC,115211,17851451412.434975
2024-11-23 00:00:00.000 UTC,100311,7405533850.236855
2024-11-24 00:00:00.000 UTC,99171,5073210750.254078
2024-11-25 00:00:00.000 UTC,112964,15263997455.529491
2024-11-26 00:00:00.000 UTC,117321,15375522486.291344
2024-11-27 00:00:00.000 UTC,115047,19399449566.79314
2024-11-28 00:00:00.000 UTC,108545,8843821469.320309
2024-11-29 00:00:00.000 UTC,122045,16661131431.026669
2024-11-30 00:00:00.000 UTC,109840,6192470753.08015
2024-12-01 00:00:00.000 UTC,103758,4688016591.96835
2024-12-02 00:00:00.000 UTC,122758,16131824456.568676
2024-12-03 00:00:00.000 UTC,121077,18259065123.623863
2024-12-04 00:00:00.000 UTC,123042,17897704947.887283
2024-12-05 00:00:00.000 UTC,134379,23457158258.019928
2024-12-06 00:00:00.000 UTC,118674,18427472728.201237
2024-12-07 00:00:00.000 UTC,98320,6163808234.211613
2024-12-08 00:00:00.000 UTC,98882,5633823163.356027
2024-12-09 00:00:00.000 UTC,116307,16749698079.93686
2024-12-10 00:00:00.000 UTC,114899,14873891335.991928
2024-12-11 00:00:00.000 UTC,105341,16195332180.524694
2024-12-12 00:00:00.000 UTC,106884,14499961704.486292
2024-12-13 00:00:00.000 UTC,104279,13993599687.24521
2024-12-14 00:00:00.000 UTC,101448,5203163643.038622
2024-12-15 00:00:00.000 UTC,98542,5972579242.609592
2024-12-16 00:00:00.000 UTC,117675,16297400007.51907
2024-12-17 00:00:00.000 UTC,116995,13254410388.199694
2024-12-18 00:00:00.000 UTC,131004,13369831789.747074
2024-12-19 00:00:00.000 UTC,143937,18430040371.99133
2024-12-20 00:00:00.000 UTC,148332,24864749677.713333
2024-12-21 00:00:00.000 UTC,118145,7537546680.590391
2024-12-22 00:00:00.000 UTC,106280,5781598081.335421
2024-12-23 00:00:00.000 UTC,125158,16745142769.960148
2024-12-24 00:00:00.000 UTC,111199,13263094077.617208
2024-12-25 00:00:00.000 UTC,94811,6379095503.178453
2024-12-26 00:00:00.000 UTC,105570,11003290803.549389
2024-12-27 00:00:00.000 UTC,119067,12440515945.693214
2024-12-28 00:00:00.000 UTC,106769,4068598660.1380625
2024-12-29 00:00:00.000 UTC,114338,5491003327.941838
2024-12-30 00:00:00.000 UTC,138876,17969600559.27388
2024-12-31 00:00:00.000 UTC,130288,14083170915.264135
2025-01-01 00:00:00.000 UTC,91467,9408639721.819494
2025-01-02 00:00:00.000 UTC,108359,12659896782.01893
2025-01-03 00:00:00.000 UTC,121843,16048622536.818556
2025-01-04 00:00:00.000 UTC,105094,6610052574.302134
2025-01-05 00:00:00.000 UTC,101878,4902354699.997966
2025-01-06 00:00:00.000 UTC,115049,15771122362.674118
2025-01-07 00:00:00.000 UTC,130816,17483087302.68771
2025-01-08 00:00:00.000 UTC,141908,16950773920.738789
2025-01-09 00:00:00.000 UTC,142956,13612048358.806538
2025-01-10 00:00:00.000 UTC,145742,20927422243.320507
2025-01-11 00:00:00.000 UTC,111636,7363512251.0617485
2025-01-12 00:00:00.000 UTC,113297,7602575089.21496
2025-01-13 00:00:00.000 UTC,155329,17272426668.894867
2025-01-14 00:00:00.000 UTC,131311,14224678870.125002
2025-01-15 00:00:00.000 UTC,136213,15775601107.075756
2025-01-16 00:00:00.000 UTC,133808,15408697819.350744
2025-01-17 00:00:00.000 UTC,133974,19091658332.35771
2025-01-18 00:00:00.000 UTC,161960,13150839805.825424
2025-01-19 00:00:00.000 UTC,169117,19157246067.032578
2025-01-20 00:00:00.000 UTC,177149,27685010081.502647
2025-01-21 00:00:00.000 UTC,151392,31880825396.39683
2025-01-22 00:00:00.000 UTC,144355,18556031213.707733
2025-01-23 00:00:00.000 UTC,152592,20940410989.985332
2025-01-24 00:00:00.000 UTC,137871,15711293094.209167
2025-01-25 00:00:00.000 UTC,116655,6260332631.020568
2025-01-26 00:00:00.000 UTC,128427,5997959340.37016
2025-01-27 00:00:00.000 UTC,167153,19309241034.822823
2025-01-28 00:00:00.000 UTC,149454,11669397070.386477
2025-01-29 00:00:00.000 UTC,160379,11675100461.541168
2025-01-30 00:00:00.000 UTC,158231,16626699807.5509
2025-01-31 00:00:00.000 UTC,174918,17344249671.443146
2025-02-01 00:00:00.000 UTC,164207,7539940934.744755
2025-02-02 00:00:00.000 UTC,186415,11053755582.467258
2025-02-03 00:00:00.000 UTC,209232,34291887642.930138
2025-02-04 00:00:00.000 UTC,233215,23491487434.777554
2025-02-05 00:00:00.000 UTC,186164,16423446074.925716
2025-02-06 00:00:00.000 UTC,190116,16031359017.894314
2025-02-07 00:00:00.000 UTC,193815,19038585186.487793
2025-02-08 00:00:00.000 UTC,148226,9447120303.194334
2025-02-09 00:00:00.000 UTC,159129,7126214755.312841
2025-02-10 00:00:00.000 UTC,200924,17909304791.788944
2025-02-11 00:00:00.000 UTC,229222,17267762151.519608
2025-02-12 00:00:00.000 UTC,186523,22465668843.303764
2025-02-13 00:00:00.000 UTC,184126,17832183307.097176
2025-02-14 00:00:00.000 UTC,185073,15765449511.507423
2025-02-15 00:00:00.000 UTC,135150,7474757363.831181
2025-02-16 00:00:00.000 UTC,131607,6175573552.365374
2025-02-17 00:00:00.000 UTC,153973,11545940835.417824
2025-02-18 00:00:00.000 UTC,193489,20841990704.001495
2025-02-19 00:00:00.000 UTC,173894,15228682208.292273
2025-02-20 00:00:00.000 UTC,181106,18687603880.729923
2025-02-21 00:00:00.000 UTC,196753,26570166118.834
2025-02-22 00:00:00.000 UTC,155614,10999771957.665873
2025-02-23 00:00:00.000 UTC,139284,8212285351.460718
2025-02-24 00:00:00.000 UTC,205276,23630898110.84723
2025-02-25 00:00:00.000 UTC,263090,30415956891.85949
2025-02-26 00:00:00.000 UTC,207691,26492620911.373413
2025-02-27 00:00:00.000 UTC,206006,20821992361.729317
2025-02-28 00:00:00.000 UTC,252040,36366684593.47375
2025-03-01 00:00:00.000 UTC,177067,10243801224.15243
2025-03-02 00:00:00.000 UTC,175008,14753898375.76597
2025-03-03 00:00:00.000 UTC,234175,22782697697.54358
2025-03-04 00:00:00.000 UTC,249090,22723865359.943382
2025-03-05 00:00:00.000 UTC,203011,18389262297.76939
2025-03-06 00:00:00.000 UTC,227904,17190969036.449375
2025-03-07 00:00:00.000 UTC,230260,20749279409.34887
2025-03-08 00:00:00.000 UTC,165579,7903874164.95451
2025-03-09 00:00:00.000 UTC,180227,11618310258.571478
2025-03-10 00:00:00.000 UTC,237442,23761987406.535557
2025-03-11 00:00:00.000 UTC,256320,17714585888.899433
2025-03-12 00:00:00.000 UTC,216092,20208452718.088604
2025-03-13 00:00:00.000 UTC,195575,23117458230.884388
2025-03-14 00:00:00.000 UTC,187770,23392226807.142853
2025-03-15 00:00:00.000 UTC,142153,10627564676.585115
2025-03-16 00:00:00.000 UTC,144709,8978628033.697065
2025-03-17 00:00:00.000 UTC,184174,19860467865.41143
2025-03-18 00:00:00.000 UTC,182059,16459270409.551205
2025-03-19 00:00:00.000 UTC,194262,22093836754.88937
2025-03-20 00:00:00.000 UTC,192306,23645918035.302258
2025-03-21 00:00:00.000 UTC,184072,25603827250.397163
2025-03-22 00:00:00.000 UTC,139850,7304790815.931833
2025-03-23 00:00:00.000 UTC,136454,9649019466.640516
2025-03-24 00:00:00.000 UTC,206496,29748857779.97485
2025-03-25 00:00:00.000 UTC,211196,29595738500.55616
2025-03-26 00:00:00.000 UTC,208195,19491261787.9592
2025-03-27 00:00:00.000 UTC,206632,23186076340.40762
2025-03-28 00:00:00.000 UTC,238174,27121261411.205013
2025-03-29 00:00:00.000 UTC,198690,14432000479.289068
2025-03-30 00:00:00.000 UTC,165674,12081672777.909689
2025-03-31 00:00:00.000 UTC,232735,30785443861.753376
2025-04-01 00:00:00.000 UTC,224156,23421129125.972656
2025-04-02 00:00:00.000 UTC,242440,23075441813.24881
2025-04-03 00:00:00.000 UTC,271157,24821288632.708168
2025-04-04 00:00:00.000 UTC,234978,25264356922.917244
2025-04-05 00:00:00.000 UTC,153993,9337431617.885984
2025-04-06 00:00:00.000 UTC,210028,15470404135.26725
2025-04-07 00:00:00.000 UTC,324026,30439225251.12487
2025-04-08 00:00:00.000 UTC,290209,24125529799.38517
2025-04-09 00:00:00.000 UTC,283594,29881703282.83001
2025-04-10 00:00:00.000 UTC,274728,23178640635.799538
2025-04-11 00:00:00.000 UTC,268241,28300456441.630077
2025-04-12 00:00:00.000 UTC,208370,14353798381.799936
2025-04-13 00:00:00.000 UTC,185763,10769617480.874195
2025-04-14 00:00:00.000 UTC,231308,20513498718.3079
2025-04-15 00:00:00.000 UTC,232803,24771233959.017693
2025-04-16 00:00:00.000 UTC,218787,22102353173.199528
2025-04-17 00:00:00.000 UTC,213387,23187134245.982655
2025-04-18 00:00:00.000 UTC,188535,24049472877.479748
2025-04-19 00:00:00.000 UTC,222694,9174501540.656944
2025-04-20 00:00:00.000 UTC,156367,10359966430.921385
2025-04-21 00:00:00.000 UTC,232733,22145626662.58317
2025-04-22 00:00:00.000 UTC,248780,33303172941.65297
2025-04-23 00:00:00.000 UTC,267464,29022809291.728287
2025-04-24 00:00:00.000 UTC,326009,24585370924.961468
2025-04-25 00:00:00.000 UTC,311900,24289541896.66036
2025-04-26 00:00:00.000 UTC,228963,11925898764.56146
2025-04-27 00:00:00.000 UTC,191128,10925782485.67039
2025-04-28 00:00:00.000 UTC,253045,24211345434.94111
2025-04-29 00:00:00.000 UTC,253968,17054084944.3733
2025-04-30 00:00:00.000 UTC,255465,20840144866.67457
2025-05-01 00:00:00.000 UTC,241047,22950059475.47822
2025-05-02 00:00:00.000 UTC,219168,16968836207.36671
2025-05-03 00:00:00.000 UTC,175677,9159621338.466606
2025-05-04 00:00:00.000 UTC,171269,10465015332.052814
2025-05-05 00:00:00.000 UTC,227664,21220177042.88126
2025-05-06 00:00:00.000 UTC,243230,25504826643.405792
2025-05-07 00:00:00.000 UTC,239284,20824743513.28761
2025-05-08 00:00:00.000 UTC,246813,29360502972.50824
2025-05-09 00:00:00.000 UTC,254117,31250663238.509937
2025-05-10 00:00:00.000 UTC,193809,11770021790.251232
2025-05-11 00:00:00.000 UTC,183013,11315446055.2479
2025-05-12 00:00:00.000 UTC,226532,23439987359.098606
2025-05-13 00:00:00.000 UTC,229873,22863250421.97019
2025-05-14 00:00:00.000 UTC,229860,20729435574.189743
2025-05-15 00:00:00.000 UTC,249124,22380465127.021385
2025-05-16 00:00:00.000 UTC,240905,18116966731.07782
2025-05-17 00:00:00.000 UTC,226601,11340873374.290333
2025-05-18 00:00:00.000 UTC,201780,10683371028.860855
2025-05-19 00:00:00.000 UTC,256552,18340506788.93641
2025-05-20 00:00:00.000 UTC,256917,20495881346.02884
2025-05-21 00:00:00.000 UTC,242841,27403737422.489235
2025-05-22 00:00:00.000 UTC,245521,24048290068.64209
2025-05-23 00:00:00.000 UTC,252401,27447088748.284023
2025-05-24 00:00:00.000 UTC,213226,9729161548.76104
2025-05-25 00:00:00.000 UTC,211619,12141198233.554176
2025-05-26 00:00:00.000 UTC,263300,15308632684.793364
2025-05-27 00:00:00.000 UTC,269980,21022940095.88128
2025-05-28 00:00:00.000 UTC,263928,16854525221.923588
2025-05-29 00:00:00.000 UTC,235498,22323198598.347153
2025-05-30 00:00:00.000 UTC,245025,21121080330.272465
2025-05-31 00:00:00.000 UTC,219235,12319456616.174725
2025-06-01 00:00:00.000 UTC,252899,8338893952.965798
2025-06-02 00:00:00.000 UTC,257601,16655251850.682823
2025-06-03 00:00:00.000 UTC,236131,19393706252.57669
2025-06-04 00:00:00.000 UTC,222205,15885482203.218063
2025-06-05 00:00:00.000 UTC,255037,18706731570.246624
2025-06-06 00:00:00.000 UTC,269541,25267735563.86416
2025-06-07 00:00:00.000 UTC,242978,9733211043.914211
2025-06-08 00:00:00.000 UTC,230613,8985630809.12262
2025-06-09 00:00:00.000 UTC,257470,22248732470.87414
2025-06-10 00:00:00.000 UTC,265069,23771940333.43133
2025-06-11 00:00:00.000 UTC,257166,21461581263.59508
2025-06-12 00:00:00.000 UTC,254186,19662005854.931652
2025-06-13 00:00:00.000 UTC,289009,26693400831.3771
2025-06-14 00:00:00.000 UTC,199649,10984628835.87236
2025-06-15 00:00:00.000 UTC,200803,10503966294.462212
2025-06-16 00:00:00.000 UTC,255322,23217920588.518944
2025-06-17 00:00:00.000 UTC,287919,21156992606.869495
2025-06-18 00:00:00.000 UTC,271057,21456982755.205498
2025-06-19 00:00:00.000 UTC,235952,15802309270.979324
2025-06-20 00:00:00.000 UTC,256357,26605276986.41362
2025-06-21 00:00:00.000 UTC,232388,16383200695.322248
2025-06-22 00:00:00.000 UTC,262002,15625716530.774334
2025-06-23 00:00:00.000 UTC,273308,22589133314.39176
2025-06-24 00:00:00.000 UTC,224979,20646353246.860767
2025-06-25 00:00:00.000 UTC,220753,19498673061.80534
2025-06-26 00:00:00.000 UTC,243917,23156338290.921677
2025-06-27 00:00:00.000 UTC,266752,19440343875.216854
2025-06-28 00:00:00.000 UTC,190799,10666268159.791836
2025-06-29 00:00:00.000 UTC,193812,11584595762.78658
2025-06-30 00:00:00.000 UTC,255155,20911526955.940228
2025-07-01 00:00:00.000 UTC,289034,19153984120.233578
2025-07-02 00:00:00.000 UTC,287784,23469889018.34621
2025-07-03 00:00:00.000 UTC,284044,24083051878.18116
2025-07-04 00:00:00.000 UTC,268619,16743560997.959934
2025-07-05 00:00:00.000 UTC,206418,11016473363.819233
2025-07-06 00:00:00.000 UTC,188896,13193134629.896955
2025-07-07 00:00:00.000 UTC,250586,20180214272.34735
2025-07-08 00:00:00.000 UTC,252184,18136972290.46176
2025-07-09 00:00:00.000 UTC,262397,24409705313.853256
2025-07-10 00:00:00.000 UTC,266195,26779697368.885506
2025-07-11 00:00:00.000 UTC,277357,29963508816.975822
2025-07-12 00:00:00.000 UTC,247969,17579340625.912975
2025-07-13 00:00:00.000 UTC,214271,14110561302.134336
2025-07-14 00:00:00.000 UTC,261628,32501332281.824203
2025-07-15 00:00:00.000 UTC,266550,30361070643.933327
2025-07-16 00:00:00.000 UTC,263252,28684655115.80101
2025-07-17 00:00:00.000 UTC,251605,33381852091.44724
2025-07-18 00:00:00.000 UTC,262853,40383637750.031
2025-07-19 00:00:00.000 UTC,229663,12912968027.74213
2025-07-20 00:00:00.000 UTC,249004,15074893698.038446
2025-07-21 00:00:00.000 UTC,302982,31917111315.509285
2025-07-22 00:00:00.000 UTC,317789,26362866649.782387
2025-07-23 00:00:00.000 UTC,312396,27021247121.91919
2025-07-24 00:00:00.000 UTC,323285,30135733397.8065
2025-07-25 00:00:00.000 UTC,337577,35184919147.21365
2025-07-26 00:00:00.000 UTC,233613,15421083559.469606
2025-07-27 00:00:00.000 UTC,253020,16334732197.899763
2025-07-28 00:00:00.000 UTC,323312,26671165303.73987
2025-07-29 00:00:00.000 UTC,292780,29023132551.53617
2025-07-30 00:00:00.000 UTC,243167,27648005860.732643
2025-07-31 00:00:00.000 UTC,271494,30481156500.674583
2025-08-01 00:00:00.000 UTC,370183,34369918251.94761
2025-08-02 00:00:00.000 UTC,272662,18167676778.89765
2025-08-03 00:00:00.000 UTC,229811,19058705782.20194
2025-08-04 00:00:00.000 UTC,295767,27996440495.077393
2025-08-05 00:00:00.000 UTC,295469,28239877890.33453
2025-08-06 00:00:00.000 UTC,300265,34769237912.069244
2025-08-07 00:00:00.000 UTC,312798,28485770006.41121
2025-08-08 00:00:00.000 UTC,324657,27933972251.44947
2025-08-09 00:00:00.000 UTC,313074,19999235268.8049
2025-08-10 00:00:00.000 UTC,277363,21551280402.210705
2025-08-11 00:00:00.000 UTC,337996,34284952946.127724
2025-08-12 00:00:00.000 UTC,335514,36504404949.045715
2025-08-13 00:00:00.000 UTC,344244,47028665215.16743
2025-08-14 00:00:00.000 UTC,352477,45802507635.05568
2025-08-15 00:00:00.000 UTC,387514,41492904860.09346
2025-08-16 00:00:00.000 UTC,270662,32382513293.88042
2025-08-17 00:00:00.000 UTC,260329,25836708439.039577
2025-08-18 00:00:00.000 UTC,354896,42210654243.80347
2025-08-19 00:00:00.000 UTC,360350,44398524652.81861
2025-08-20 00:00:00.000 UTC,341571,42069655575.77718
2025-08-21 00:00:00.000 UTC,348127,28434531317.04129
2025-08-22 00:00:00.000 UTC,357552,40070084166.4245
2025-08-23 00:00:00.000 UTC,325669,34167821288.05642
2025-08-24 00:00:00.000 UTC,318432,33481035326.14424
2025-08-25 00:00:00.000 UTC,371245,59815372574.64801
2025-08-26 00:00:00.000 UTC,363217,45191333588.386375
2025-08-27 00:00:00.000 UTC,322301,50209484564.735886
2025-08-28 00:00:00.000 UTC,376689,40512242923.65147
2025-08-29 00:00:00.000 UTC,397656,53033640708.00996
2025-08-30 00:00:00.000 UTC,275421,26201826622.44695
2025-08-31 00:00:00.000 UTC,360852,39979776183.743
2025-09-01 00:00:00.000 UTC,373825,38521721750.69321
2025-09-02 00:00:00.000 UTC,410605,49682612126.65027
2025-09-03 00:00:00.000 UTC,397469,39120219471.880714
2025-09-04 00:00:00.000 UTC,353208,33783906646.038097
2025-09-05 00:00:00.000 UTC,384260,33219585757.048855
2025-09-06 00:00:00.000 UTC,250215,16791941412.082745
2025-09-07 00:00:00.000 UTC,246161,15790720649.661308
2025-09-08 00:00:00.000 UTC,335331,30233244322.03916
2025-09-09 00:00:00.000 UTC,346052,33112354006.74785
2025-09-10 00:00:00.000 UTC,368732,28644838407.8377
2025-09-11 00:00:00.000 UTC,380181,36703911711.80217
2025-09-12 00:00:00.000 UTC,380362,42426063923.78477
2025-09-13 00:00:00.000 UTC,349453,24053580105.70739
2025-09-14 00:00:00.000 UTC,311119,32558425726.3842
2025-09-15 00:00:00.000 UTC,358337,42009524441.03768
2025-09-16 00:00:00.000 UTC,349991,27528434683.5709
2025-09-17 00:00:00.000 UTC,378206,30641653678.373497
2025-09-18 00:00:00.000 UTC,376270,48281220635.31717
2025-09-19 00:00:00.000 UTC,398585,29107489449.914497
2025-09-20 00:00:00.000 UTC,411464,20384807070.871384
2025-09-21 00:00:00.000 UTC,307537,24263645756.011604
2025-09-22 00:00:00.000 UTC,416027,38830281572.02076
2025-09-23 00:00:00.000 UTC,390995,37188877042.8583
2025-09-24 00:00:00.000 UTC,371602,38585132930.67892
2025-09-25 00:00:00.000 UTC,431400,67151919153.56398
2025-09-26 00:00:00.000 UTC,418657,39466819319.89517
2025-09-27 00:00:00.000 UTC,316545,28078697334.76472
2025-09-28 00:00:00.000 UTC,325098,24650191194.17691
2025-09-29 00:00:00.000 UTC,471174,48996985619.667145
2025-09-30 00:00:00.000 UTC,466550,53997288438.45717
2025-10-01 00:00:00.000 UTC,497356,33965104222.2749
2025-10-02 00:00:00.000 UTC,490699,32769552185.683125
2025-10-03 00:00:00.000 UTC,431096,42645739692.67416
2025-10-04 00:00:00.000 UTC,325731,26112319552.406864
2025-10-05 00:00:00.000 UTC,351813,45186823187.59866
2025-10-06 00:00:00.000 UTC,377966,45877016535.248314
2025-10-07 00:00:00.000 UTC,402581,42196055120.66278
2025-10-08 00:00:00.000 UTC,438625,36313551475.75087
2025-10-09 00:00:00.000 UTC,417892,45003196788.07695
2025-10-10 00:00:00.000 UTC,408939,48911439747.34981
2025-10-11 00:00:00.000 UTC,419657,52264643747.15668
2025-10-12 00:00:00.000 UTC,376955,52157312474.470215
2025-10-13 00:00:00.000 UTC,405934,44004865954.544334
2025-10-14 00:00:00.000 UTC,413171,67958240596.83887
2025-10-15 00:00:00.000 UTC,405955,54746748376.00954
2025-10-16 00:00:00.000 UTC,383065,64333961497.33384
2025-10-17 00:00:00.000 UTC,408222,69273002490.69838
2025-10-18 00:00:00.000 UTC,303225,25963020324.701454
2025-10-19 00:00:00.000 UTC,291034,68712203214.86058
2025-10-20 00:00:00.000 UTC,336585,57343846885.28452
2025-10-21 00:00:00.000 UTC,386549,115955511642.86246
2025-10-22 00:00:00.000 UTC,399717,84796909116.38005
2025-10-23 00:00:00.000 UTC,413143,95047111648.97588
2025-10-24 00:00:00.000 UTC,426126,48071292513.07523
2025-10-25 00:00:00.000 UTC,306818,27439171980.225792
2025-10-26 00:00:00.000 UTC,294659,34714130211.26185
2025-10-27 00:00:00.000 UTC,399755,49236603180.14403
2025-10-28 00:00:00.000 UTC,424521,44537532344.12732
2025-10-29 00:00:00.000 UTC,399845,50854913205.07086
2025-10-30 00:00:00.000 UTC,409751,58092362386.62562
2025-10-31 00:00:00.000 UTC,432213,58697636068.12856
2025-11-01 00:00:00.000 UTC,325995,40556152779.27183
2025-11-02 00:00:00.000 UTC,302154,23427837375.725372
2025-11-03 00:00:00.000 UTC,438421,57236621217.847824
2025-11-04 00:00:00.000 UTC,448575,59558580632.70047
2025-11-05 00:00:00.000 UTC,461523,59952147208.40561
2025-11-06 00:00:00.000 UTC,498219,41588711625.31692
2025-11-07 00:00:00.000 UTC,511723,41964814600.69978
2025-11-08 00:00:00.000 UTC,361265,26887900761.40012
2025-11-09 00:00:00.000 UTC,320923,38077398330.51395
2025-11-10 00:00:00.000 UTC,477023,41736729434.69535
2025-11-11 00:00:00.000 UTC,469982,36032273352.02594
2025-11-12 00:00:00.000 UTC,450974,41571326697.98836
2025-11-13 00:00:00.000 UTC,460433,59227788554.02478
2025-11-14 00:00:00.000 UTC,488016,38733597931.03421
2025-11-15 00:00:00.000 UTC,385665,43930420399.93093
2025-11-16 00:00:00.000 UTC,383302,50877662312.02721
2025-11-17 00:00:00.000 UTC,477519,58987898372.802536
2025-11-18 00:00:00.000 UTC,514825,44940917447.527145
2025-11-19 00:00:00.000 UTC,461752,38052675151.576965
2025-11-20 00:00:00.000 UTC,464911,42865289572.607086
2025-11-21 00:00:00.000 UTC,502142,54228909494.13164
2025-11-22 00:00:00.000 UTC,375707,33762670817.417706
2025-11-23 00:00:00.000 UTC,365749,58148833911.00467
2025-11-24 00:00:00.000 UTC,505147,67278025680.13246
2025-11-25 00:00:00.000 UTC,541347,55444239617.714455
2025-11-26 00:00:00.000 UTC,545876,57835103162.790184
2025-11-27 00:00:00.000 UTC,463461,59911938239.701035
2025-11-28 00:00:00.000 UTC,497076,64842442183.85268
2025-11-29 00:00:00.000 UTC,628226,46862978541.491554
2025-11-30 00:00:00.000 UTC,327492,41523496129.04534
2025-12-01 00:00:00.000 UTC,549155,91747839832.3202
2025-12-02 00:00:00.000 UTC,513445,69490312058.83589
2025-12-03 00:00:00.000 UTC,535345,79262103865.67961
2025-12-04 00:00:00.000 UTC,506635,51430461885.16176
2025-12-05 00:00:00.000 UTC,519055,66037301955.374825
2025-12-06 00:00:00.000 UTC,362028,41164021967.53148
2025-12-07 00:00:00.000 UTC,265896,20080593137.393063
2025-12-08 00:00:00.000 UTC,322086,26577284207.599262
2025-12-09 00:00:00.000 UTC,417362,44983962208.69011
2025-12-10 00:00:00.000 UTC,442817,37911412321.53072
2025-12-11 00:00:00.000 UTC,491205,47520343864.95596
2025-12-12 00:00:00.000 UTC,423577,46799201448.73476
2025-12-13 00:00:00.000 UTC,345210,32493065344.562912
2025-12-14 00:00:00.000 UTC,340612,45532503124.46762
2025-12-15 00:00:00.000 UTC,516121,67603546318.59497
2025-12-16 00:00:00.000 UTC,531900,59334809991.78254
2025-12-17 00:00:00.000 UTC,538081,69394756450.9389
2025-12-18 00:00:00.000 UTC,512148,73580796200.05473
2025-12-19 00:00:00.000 UTC,513437,61901123960.60387
2025-12-20 00:00:00.000 UTC,486820,32446958339.77089
2025-12-21 00:00:00.000 UTC,558824,34114507387.44004
2025-12-22 00:00:00.000 UTC,555732,46053680560.116066
2025-12-23 00:00:00.000 UTC,652390,37368157058.884346
2025-12-24 00:00:00.000 UTC,612619,45228238039.17867
2025-12-25 00:00:00.000 UTC,658497,49685543931.6495
2025-12-26 00:00:00.000 UTC,703377,54129671511.07673
2025-12-27 00:00:00.000 UTC,738473,47603361856.23011
2025-12-28 00:00:00.000 UTC,574231,59643233960.284485
2025-12-29 00:00:00.000 UTC,827244,69360160017.46573
2025-12-30 00:00:00.000 UTC,792074,61618045614.36058
2025-12-31 00:00:00.000 UTC,919659,70654064707.30716
2026-01-01 00:00:00.000 UTC,840463,48176377818.64296
2026-01-02 00:00:00.000 UTC,848306,67149974501.404976
2026-01-03 00:00:00.000 UTC,857889,27483809081.989754
2026-01-04 00:00:00.000 UTC,728914,44785056439.47126
2026-01-05 00:00:00.000 UTC,758355,47499305831.26601
2026-01-06 00:00:00.000 UTC,758866,42102728730.46806
2026-01-07 00:00:00.000 UTC,726160,40358039444.19534
2026-01-08 00:00:00.000 UTC,597219,45931766990.29405
2026-01-09 00:00:00.000 UTC,560220,50733960698.56678
2026-01-10 00:00:00.000 UTC,434939,41124611930.90466
2026-01-11 00:00:00.000 UTC,397226,40590084339.178406
2026-01-12 00:00:00.000 UTC,563282,61102966364.7983
2026-01-13 00:00:00.000 UTC,595016,50922554144.941765
2026-01-14 00:00:00.000 UTC,610641,55153772940.11669
2026-01-15 00:00:00.000 UTC,607464,41612097354.66594
2026-01-16 00:00:00.000 UTC,545191,48210560150.57861
2026-01-17 00:00:00.000 UTC,462585,26065515410.486984
2026-01-18 00:00:00.000 UTC,433792,40918938438.62326
2026-01-19 00:00:00.000 UTC,606789,52423892477.75636
2026-01-20 00:00:00.000 UTC,584422,68694436905.96855
2026-01-21 00:00:00.000 UTC,587921,49241345230.579895
2026-01-22 00:00:00.000 UTC,589138,71720999265.60623
2026-01-23 00:00:00.000 UTC,530064,59637315284.69624
2026-01-24 00:00:00.000 UTC,452059,65226099233.38747
2026-01-25 00:00:00.000 UTC,453942,57836928663.800545
2026-01-26 00:00:00.000 UTC,549123,59778167308.74976
2026-01-27 00:00:00.000 UTC,554623,52305427816.718285
2026-01-28 00:00:00.000 UTC,536553,53095944302.220665
2026-01-29 00:00:00.000 UTC,552086,64093476341.23485
2026-01-30 00:00:00.000 UTC,638822,61054813059.872765
2026-01-31 00:00:00.000 UTC,549405,49640324604.63914
2026-02-01 00:00:00.000 UTC,596511,58190090959.52904
2026-02-02 00:00:00.000 UTC,552082,66070144128.80572
2026-02-03 00:00:00.000 UTC,552202,65833207658.251854
2026-02-04 00:00:00.000 UTC,586709,63128838116.37787
2026-02-05 00:00:00.000 UTC,616166,97029531231.72266
2026-02-06 00:00:00.000 UTC,606394,77527657114.11548
2026-02-07 00:00:00.000 UTC,533041,55128235546.96602
2026-02-08 00:00:00.000 UTC,496470,66256792357.46332
2026-02-09 00:00:00.000 UTC,629970,80225665649.6529
2026-02-10 00:00:00.000 UTC,643887,60769921517.38352
2026-02-11 00:00:00.000 UTC,578434,79424913111.91492
2026-02-12 00:00:00.000 UTC,607453,75018530259.34988
2026-02-13 00:00:00.000 UTC,637896,55914791169.856895
2026-02-14 00:00:00.000 UTC,547960,37838980491.41363
2026-02-15 00:00:00.000 UTC,505465,39221390343.71991
2026-02-16 00:00:00.000 UTC,570948,39579866251.420815
2026-02-17 00:00:00.000 UTC,535567,43093688339.442955
2026-02-18 00:00:00.000 UTC,529598,34212411672.200554
2026-02-19 00:00:00.000 UTC,548348,47486717601.24433
2026-02-20 00:00:00.000 UTC,517568,54241339027.50561
2026-02-21 00:00:00.000 UTC,400835,61589407561.56001
2026-02-22 00:00:00.000 UTC,398770,37033408817.93804
2026-02-23 00:00:00.000 UTC,567451,76178962347.66136
2026-02-24 00:00:00.000 UTC,589230,76470851079.2454
2026-02-25 00:00:00.000 UTC,532051,65091166182.43084
2026-02-26 00:00:00.000 UTC,596397,68063293531.4634
2026-02-27 00:00:00.000 UTC,591589,60628034039.73839
2026-02-28 00:00:00.000 UTC,542594,60673131409.087814
2026-03-01 00:00:00.000 UTC,499160,36750301685.77319
2026-03-02 00:00:00.000 UTC,601542,64995170707.33706
2026-03-03 00:00:00.000 UTC,625352,60260397851.54218
2026-03-04 00:00:00.000 UTC,623511,50084021692.249725
2026-03-05 00:00:00.000 UTC,585605,48696865648.70213
2026-03-06 00:00:00.000 UTC,626109,38485396002.396
2026-03-07 00:00:00.000 UTC,433258,30999558364.01506
2026-03-08 00:00:00.000 UTC,427312,33959541023.56238
2026-03-09 00:00:00.000 UTC,611347,45995526456.73404
2026-03-10 00:00:00.000 UTC,629726,49283727751.54742
2026-03-11 00:00:00.000 UTC,631465,39022988314.54112
2026-03-12 00:00:00.000 UTC,578174,43516409334.21759
2026-03-13 00:00:00.000 UTC,606155,57698677108.28312
2026-03-14 00:00:00.000 UTC,460373,30853349473.26732
2026-03-15 00:00:00.000 UTC,507708,35977036724.52021
2026-03-16 00:00:00.000 UTC,594817,45758566691.2929
2026-03-17 00:00:00.000 UTC,604185,45727122289.52393
2026-03-18 00:00:00.000 UTC,637952,50903570788.9216
2026-03-19 00:00:00.000 UTC,670632,48228541039.38515
2026-03-20 00:00:00.000 UTC,667929,38165394227.62754
2026-03-21 00:00:00.000 UTC,487462,16873010031.75574
2026-03-22 00:00:00.000 UTC,566321,368016865974.1756
2026-03-23 00:00:00.000 UTC,595516,196887604195.6783
2026-03-24 00:00:00.000 UTC,588079,73499400509.26724
2026-03-25 00:00:00.000 UTC,686993,47652536220.40391
2026-03-26 00:00:00.000 UTC,602677,64851119204.73137
2026-03-27 00:00:00.000 UTC,631687,48134327528.08114
2026-03-28 00:00:00.000 UTC,526721,25111533014.990257
2026-03-29 00:00:00.000 UTC,554128,21557157580.149773
2026-03-30 00:00:00.000 UTC,648210,35798619171.613235
2026-03-31 00:00:00.000 UTC,553484,61616062760.29404
2026-04-01 00:00:00.000 UTC,729143,44468264803.0198
2026-04-02 00:00:00.000 UTC,605197,47367553816.99068
2026-04-03 00:00:00.000 UTC,534040,58890523774.45274
2026-04-04 00:00:00.000 UTC,409360,30782018377.234028
2026-04-05 00:00:00.000 UTC,365292,32354436681.777
2026-04-06 00:00:00.000 UTC,515400,52074761137.76499
2026-04-07 00:00:00.000 UTC,604950,55562615127.16739
2026-04-08 00:00:00.000 UTC,633003,48028023154.98064
2026-04-09 00:00:00.000 UTC,642386,65615982482.570305
2026-04-10 00:00:00.000 UTC,643712,42756240815.07074
2026-04-11 00:00:00.000 UTC,515525,31757297804.60203
2026-04-12 00:00:00.000 UTC,512304,25818872792.676018
2026-04-13 00:00:00.000 UTC,619784,54569821162.949425
2026-04-14 00:00:00.000 UTC,579264,48480386535.60079
2026-04-15 00:00:00.000 UTC,580573,46019438446.0023
2026-04-16 00:00:00.000 UTC,701708,45674876249.68032
2026-04-17 00:00:00.000 UTC,928796,34376356953.25912
2026-04-18 00:00:00.000 UTC,958859,24235148929.276093
2026-04-19 00:00:00.000 UTC,530868,36424434727.25593
2026-04-20 00:00:00.000 UTC,475669,42790889596.2702
2026-04-21 00:00:00.000 UTC,500799,56830032268.59308
2026-04-22 00:00:00.000 UTC,394634,26354969379.187515
2026-04-23 00:00:00.000 UTC,355215,25222865329.39613
